,Coin,Open-24h,High-24h,Low-24h,Close-Last,Vol-Ccy-24h,Vol-Num-24h,Last/Open,High/Low
0,1INCH-USDC,0.5912,0.5988,0.5603,0.5629,264548.1117,452035.7494,-4.79,6.87
1,1INCH-USDT,0.5913,0.5994,0.5592,0.5628,1520159.900614,2601026.304463,-4.82,7.19
2,AAVE-BTC,0.003431,0.003509,0.003414,0.003469,6.1752,1779.7255,1.11,2.78
3,AAVE-ETH,0.0493,0.0501,0.0491,0.0494,16.2778,328.5715,0.2,2.04
4,AAVE-USDC,81.45,83.1,80.68,81.24,439058.8356,5359.8586,-0.26,3.0
5,AAVE-USDT,81.43,83.13,80.62,81.23,2801741.945135,34191.181954,-0.25,3.11
6,ABT-USDT,0.1386,0.1479,0.1361,0.142,32823.586532,231683.643798,2.45,8.67
7,ACA-USDT,0.135,0.154,0.133,0.149,307986.705793,2148232.627089,10.37,15.79
8,ADA-BTC,0.00001523,0.00001531,0.00001508,0.00001517,7.52923204,495207,-0.39,1.53
9,ADA-ETH,0.000219,0.000219,0.000215,0.000216,13.213048,60608,-1.37,1.86
10,ADA-USDC,0.36116,0.364,0.35366,0.35535,748638.3575,2081366.3733,-1.61,2.92
11,ADA-USDT,0.36109,0.3644,0.35361,0.35527,5266472.17197716,14651315.9977,-1.61,3.05
12,AERGO-USDT,0.1411,0.1434,0.1371,0.1384,5373.214706,38209.59998,-1.91,4.6
13,AGLD-USDC,0.6004,0.6086,0.5664,0.5686,206137.4029,349487.4054,-5.3,7.45
14,AGLD-USDT,0.5999,0.6088,0.5666,0.5688,1229180.966117,2084493.864956,-5.18,7.45
15,AKITA-USDT,0.0000002634,0.0000002899,0.0000002487,0.000000256,406535,1532243798297,-2.81,16.57
16,ALCX-USDT,23,24.4,22.9,23,33536.602387,1426.718582,0.0,6.55
17,ALGO-BTC,0.0000106,0.0000107,0.0000104,0.0000104,0.6621,62631.3752,-1.89,2.88
18,ALGO-USDC,0.2525,0.254,0.2421,0.243,371184.1349,1485411.1004,-3.76,4.92
19,ALGO-USDT,0.2524,0.254,0.2419,0.243,2226739.115773,8895144.067907,-3.72,5.0
20,ALPHA-BTC,0.00000584,0.00000593,0.00000582,0.00000585,0.00571726,973,0.17,1.89
21,ALPHA-USDT,0.1384,0.1409,0.1353,0.1363,115281.555717,831425.027048,-1.52,4.14
22,ANC-USDC,0.0276,0.0288,0.0274,0.0275,54045.196,1928478.4172,-0.36,5.11
23,ANC-USDT,0.0277,0.029,0.0273,0.0275,590663.267734,21045630.856992,-0.72,6.23
24,ANT-BTC,0.0001148,0.0001163,0.0001134,0.0001144,1.2027,10457.489,-0.35,2.56
25,ANT-USDC,2.726,2.757,2.649,2.679,110401.3574,40663.6524,-1.72,4.08
26,ANT-USDT,2.723,2.755,2.649,2.681,270342.087854,99627.439305,-1.54,4.0
27,ANW-USDT,0.0069,0.00719,0.00669,0.00687,136599.391316,19618311.838459,-0.43,7.47
28,APE-BTC,0.0002178,0.0002193,0.0002117,0.0002127,16.0344,74277.7648,-2.34,3.59
29,APE-USDC,5.1656,5.2132,4.9597,4.98,584813.9871,114727.3001,-3.59,5.11
30,APE-USDT,5.1628,5.2181,4.9601,4.9806,2717904.652544,532450.667628,-3.53,5.2
31,API3-ETH,0.000932,0.000979,0.00093,0.000944,2.258706,2363.644129,1.29,5.27
32,API3-USDC,1.544,1.614,1.536,1.549,125014.1501,79188.6209,0.32,5.08
33,API3-USDT,1.543,1.614,1.536,1.552,287118.859979,181747.449569,0.58,5.08
34,APIX-USDT,0.00547,0.00711,0.00542,0.00575,80552.301267,13178315.895081,5.12,31.18
35,APM-USDT,0.01873,0.01928,0.01843,0.01852,15771.966832,841082.787987,-1.12,4.61
36,APT-USDC,12.8581,13.7095,12.7792,13.1186,4588944.9302,349599.9553,2.03,7.28
37,APT-USDT,12.8486,13.72,12.7759,13.1189,55265409.802,4197386.3283,2.1,7.39
38,AR-USDC,10.27,10.417,9.705,9.793,614886.2187,60872.4593,-4.64,7.34
39,AR-USDT,10.25,10.44,9.7,9.79,4472408.702342,442682.809262,-4.49,7.63
40,ARG-USDT,1.3535,1.3699,1.339,1.3418,65517.5451,48550.5146,-0.86,2.31
41,ARK-USDT,0.387,0.401,0.372,0.378,51256.483102,131274.860374,-2.33,7.8
42,AST-USDT,0.1136,0.119,0.1131,0.1145,6232.075073,53492.857013,0.79,5.22
43,ASTR-USDC,0.0789,0.0818,0.0762,0.0765,123809.1545,1567072.0271,-3.04,7.35
44,ASTR-USDT,0.079,0.082,0.0763,0.0763,625936.439757,7912780.435911,-3.42,7.47
45,ATOM-BTC,0.0005326,0.0005444,0.0005278,0.0005296,5.3099,9879.9113,-0.56,3.15
46,ATOM-ETH,0.007641,0.007796,0.007519,0.007549,64.1038,8340.2419,-1.2,3.68
47,ATOM-USDC,12.635,12.939,12.368,12.407,840079.8164,66174.0022,-1.8,4.62
48,ATOM-USDT,12.63,12.939,12.359,12.405,3321016.74131,261208.716838,-1.78,4.69
49,AUCTION-USDT,6.35,6.41,6.13,6.17,74033.280705,11772.496676,-2.83,4.57
50,AVAX-BTC,0.0007455,0.0007541,0.000732,0.0007356,7.3248,9838.0937,-1.33,3.02
51,AVAX-ETH,0.0107,0.01075,0.01045,0.01047,43.739,4108.2606,-2.15,2.87
52,AVAX-USDC,17.7,17.85,17.16,17.24,365421.82677,20771.897808,-2.6,4.02
53,AVAX-USDT,17.69,17.85,17.15,17.23,1698699.147813,96539.301311,-2.6,4.08
54,AXS-USDC,9.95,10.06,9.7,9.76,115330.387642,11599.038798,-1.91,3.71
55,AXS-USDT,9.94,10.06,9.68,9.76,414326.121372,41707.126956,-1.81,3.93
56,AZY-USDC,0.01825,0.01849,0.01809,0.01845,16349.5535,894606.7689,1.1,2.21
57,AZY-USDT,0.01831,0.01849,0.018,0.01842,156264.6683,8554841.0876,0.6,2.72
58,BABYDOGE-USDC,0.000000002453,0.00000000264,0.000000002211,0.000000002327,174561,70205866529846,-5.14,19.4
59,BABYDOGE-USDT,0.000000002467,0.000000002643,0.000000002201,0.000000002316,1830929,749845375981781,-6.12,20.08
60,BADGER-BTC,0.0001684,0.0001684,0.0001578,0.0001587,1.1029754,6746,-5.76,6.72
61,BADGER-USDT,3.995,4.007,3.692,3.716,2168881.977951,561511.701052,-6.98,8.53
62,BAL-USDT,7.316,7.327,7.031,7.07,628525.791525,87296.437678,-3.36,4.21
63,BAND-USDT,2.041,2.088,2.009,2.015,517792.155371,252313.372321,-1.27,3.93
64,BAT-BTC,0.00001256,0.00001306,0.0000125,0.00001255,1.3991,110261.7753,-0.08,4.48
65,BAT-USDC,0.2985,0.3087,0.2925,0.2929,194979.1957,650310.6004,-1.88,5.54
66,BAT-USDT,0.2983,0.3094,0.2926,0.2931,654187.443768,2178657.091825,-1.74,5.74
67,BCD-BTC,0.00000864,0.00000883,0.00000801,0.00000846,0.0808,9926.1432,-2.08,10.24
68,BCD-USDT,0.2021,0.2035,0.1864,0.1872,82318.275428,418444.206389,-7.37,9.17
69,BCH-BTC,0.00572,0.00572,0.00563,0.00566,3.8685,682.3235,-1.05,1.6
70,BCH-USDC,135.75,135.95,132.17,132.74,2909830.7473,21743.758,-2.22,2.86
71,BCH-USDT,135.71,135.96,132.1,132.65,29567322.678022,220966.016247,-2.25,2.92
72,BETH-ETH,0.993,0.9939,0.9906,0.9915,113.15413,113.976114,-0.15,0.33
73,BETH-USDT,1642.48,1690,1618.28,1631.24,1781356.975321,1085.459353,-0.68,4.43
74,BHP-USDT,0.1742,0.1829,0.1664,0.1703,31428.439264,182064.719532,-2.24,9.92
75,BICO-USDC,0.473,0.495,0.458,0.459,104760.3888,221628.1645,-2.96,8.08
76,BICO-USDT,0.472,0.496,0.458,0.46,720493.077054,1515862.936121,-2.54,8.3
77,BLOK-USDT,0.003108,0.003188,0.003063,0.003116,84633.702,27133505.414,0.26,4.08
78,BLUR-USDC,0.8072,0.9065,0.772,0.8041,3073108.0346,3664148.1872,-0.38,17.42
79,BLUR-USDT,0.8069,0.9119,0.77,0.8046,56273879.2517,67005527.31,-0.29,18.43
80,BNB-USDC,304.79,304.79,298.1,299.18,986081.100557,3262.104468,-1.84,2.24
81,BNB-USDT,304.46,305.54,298.11,299.04,2549557.427517,8437.39766,-1.78,2.49
82,BNT-BTC,0.00002,0.0000206,0.0000199,0.0000202,0.266,13264.6966,1.0,3.52
83,BNT-USDT,0.4741,0.489,0.4683,0.4732,553667.365562,1160940.932095,-0.19,4.42
84,BORA-USDT,0.218,0.221,0.202,0.204,16074.351,75302.9717,-6.42,9.41
85,BORING-USDT,0.00387,0.00404,0.00367,0.00379,91491.62853,23831835.70346,-2.07,10.08
86,BRWL-USDT,0.003636,0.004038,0.003519,0.003893,433898.8034,116350656.5713,7.07,14.75
87,BSV-BTC,0.001759,0.001769,0.001736,0.001757,11.8546,6742.7432,-0.11,1.9
88,BSV-USDC,41.74,41.95,41.04,41.18,381766.1811,9192.7596,-1.34,2.22
89,BSV-USDT,41.75,41.96,41.02,41.16,3189272.831982,76852.627187,-1.41,2.29
90,BTC-DAI,23746,23989.3,23332.5,23435,1321847.69614297,55.93195703,-1.31,2.81
91,BTC-EURT,22120,22357.9,22120,22199,641.48782139,0.02882354,0.36,1.08
92,BTC-USDC,23719.1,24003.8,23309.8,23422,12219387.99475918,517.26382451,-1.25,2.98
93,BTC-USDK,23647,23886.3,22878.8,23280.5,7683135.38128543,326.40751259,-1.55,4.4
94,BTC-USDT,23721.5,24009,23300.3,23418.4,167765911.46055316,7092.45449544,-1.28,3.04
95,BTG-BTC,0.000721,0.000731,0.000706,0.000708,1.17002,1624.42546,-1.8,3.54
96,BTG-USDT,17.13,17.24,16.5,16.61,257618.741008,15166.021136,-3.04,4.48
97,BTM-BTC,0.000001472,0.000001527,0.000001377,0.000001521,4.603,3215955.789,3.33,10.89
98,BTM-USDT,0.03309,0.03575,0.03275,0.0349,351207.893633,10270128.016995,5.47,9.16
99,BTT-USDT,0.000000742,0.000000745,0.000000726,0.000000726,135961,184745533203,-2.16,2.62
100,BZZ-USDT,0.6056,0.6064,0.5952,0.5991,77414.647766,128792.136282,-1.07,1.88
101,CEEK-USDC,0.10667,0.10716,0.10452,0.10562,44467.0443,420258.9163,-0.98,2.53
102,CEEK-USDT,0.106,0.1074,0.10362,0.10559,80175.622,756537.5059,-0.39,3.65
103,CEL-BTC,0.00002019,0.00002162,0.00002007,0.00002064,5.9143,286244.5807,2.23,7.72
104,CEL-USDC,0.4775,0.5032,0.4749,0.4849,188932.4018,387214.2781,1.55,5.96
105,CEL-USDT,0.4779,0.5076,0.4755,0.485,1321631.911597,2702577.596536,1.49,6.75
106,CELO-BTC,0.0000327,0.000033,0.0000319,0.000032,0.3549,10812.4679,-2.14,3.45
107,CELO-USDC,0.778,0.784,0.746,0.75,167376.3058,217324.755,-3.6,5.09
108,CELO-USDT,0.778,0.784,0.746,0.751,229105.31213,296836.878882,-3.47,5.09
109,CELR-USDT,0.02139,0.02149,0.02073,0.02077,414803.984469,19625685.008108,-2.9,3.67
110,CELT-BTC,0.00000008,0.00000009,0.00000007,0.00000007,0.148,1862499.57,-12.5,28.57
111,CELT-USDC,0.001972,0.002046,0.001743,0.001801,107504.62,56785320.33,-8.67,17.38
112,CELT-USDT,0.002015,0.002071,0.001755,0.001782,3155915.138799,1650654534.501955,-11.56,18.01
113,CFG-USDT,0.3238,0.3274,0.31,0.3142,59513.122796,187986.714407,-2.96,5.61
114,CFX-USDT,0.23426,0.25681,0.22222,0.22928,39055004.108068,166264868.371011,-2.13,15.57
115,CGL-USDT,0.01487,0.01523,0.0135,0.01364,531707.6,37682504.56,-8.27,12.81
116,CHAT-USDT,0.005429,0.005834,0.0052,0.005474,619191.035061,112552754.190084,0.83,12.19
117,CHE-USDT,0.067,0.072,0.06412,0.06553,391872.312021,5781042.6864,-2.19,12.29
118,CHZ-BTC,0.000005696,0.000006128,0.00000566,0.000005736,5.51960628,939207,0.7,8.27
119,CHZ-USDC,0.13521,0.1453,0.13368,0.13438,846563.7535,6141604.1084,-0.61,8.69
120,CHZ-USDT,0.13511,0.14537,0.13356,0.13423,9402441.654808,67411553.871884,-0.65,8.84
121,CITY-USDT,4.7746,4.8098,4.6737,4.6891,63121.29,13298.0375,-1.79,2.91
122,CLV-USDT,0.0804,0.0813,0.0786,0.0791,75959.610139,947379.708748,-1.62,3.44
123,CMT-USDT,0.00251,0.00295,0.00241,0.00259,193753.973743,71434820.075824,3.19,22.41
124,CNTM-USDT,0.0727,0.0753,0.0707,0.0712,1118254.753638,15382419.593681,-2.06,6.51
125,COMP-BTC,0.002115,0.002195,0.002108,0.002151,0.9725,453.8809,1.7,4.13
126,COMP-USDC,50.18,51.83,49.93,50.39,188949.454123,3710.003028,0.42,3.81
127,COMP-USDT,50.15,51.88,49.84,50.42,765310.06988,15027.796298,0.54,4.09
128,CONV-USDT,0.001131,0.001319,0.00109,0.001125,777549.264408,672561145.845011,-0.53,21.01
129,CORE-USDC,3.11323,3.185,2.95545,2.98,871275.22,284476.78,-4.28,7.77
130,CORE-USDT,3.11523,3.18813,2.95,2.98015,8593475.18,2804361.58,-4.34,8.07
131,COVER-USDT,17.64,18.02,17.15,17.46,106922.715275,6071.887835,-1.02,5.07
132,CQT-BTC,0.00000661,0.00000831,0.00000661,0.00000722,1.645549,215100,9.23,25.72
133,CQT-USDT,0.1584,0.2,0.1577,0.1679,750480.929475,4162665.322055,6.0,26.82
134,CRO-BTC,0.00000337,0.00000337,0.00000329,0.0000033,8.0678,2412481.4572,-2.08,2.43
135,CRO-USDC,0.08,0.0805,0.077,0.0772,320708.6384,4067585.4796,-3.5,4.55
136,CRO-USDT,0.0799,0.0805,0.077,0.0772,2012438.290379,25533699.574404,-3.38,4.55
137,CRV-BTC,0.0000437,0.0000445,0.0000427,0.0000431,1.6813,38629.8741,-1.37,4.22
138,CRV-ETH,0.000626,0.000639,0.000609,0.000613,33.7866,53997.6486,-2.08,4.93
139,CRV-USDC,1.036,1.058,0.999,1.01,383021.3735,372008.5892,-2.51,5.91
140,CRV-USDT,1.036,1.06,0.996,1.01,2824434.804574,2741155.456353,-2.51,6.43
141,CSPR-BTC,0.00000171,0.00000183,0.0000017,0.000001764,7.49,5241661.69,3.16,7.65
142,CSPR-USDC,0.04063,0.0433,0.04015,0.04139,323000.9048,7798115.3131,1.87,7.85
143,CSPR-USDT,0.04062,0.04319,0.0401,0.04129,3175432.69684,76672165.552598,1.65,7.71
144,CTC-BTC,0.0000209,0.00002147,0.00002078,0.00002078,0.3018,14411.5142,-0.57,3.32
145,CTC-USDT,0.497,0.504,0.487,0.487,26948.637787,54250.881401,-2.01,3.49
146,CTXC-USDT,0.2801,0.2841,0.2661,0.2667,1647447.539126,5965696.079663,-4.78,6.76
147,CVC-BTC,0.00000542,0.00000565,0.0000053,0.00000538,55.134,10102788.449,-0.74,6.6
148,CVC-USDT,0.1289,0.1344,0.1248,0.1259,3328426.536108,25703746.043139,-2.33,7.69
149,CVP-USDT,0.538,0.543,0.526,0.5302,275177.404084,514631.463727,-1.45,3.23
150,CVT-USDT,0.001593,0.001679,0.00141,0.00146,102682.896325,67127315.914855,-8.35,19.08
151,CVX-USDT,6.34,6.56,6.05,6.05,210542.385123,33213.382309,-4.57,8.43
152,DAI-USDT,0.9998,1.0019,0.9895,0.9999,317477.346798,317528.931615,0.01,1.25
153,DAO-USDT,1.438,1.476,1.434,1.46,137413.45501,94324.955767,1.53,2.93
154,DASH-BTC,0.003093,0.003143,0.003059,0.003113,2.489373,802.932048,0.65,2.75
155,DASH-ETH,0.0444,0.0447,0.0439,0.0443,31.708772,714.615432,-0.23,1.82
156,DASH-USDC,73.51,74.39,72.17,72.96,528312.4026,7208.7913,-0.75,3.08
157,DASH-USDT,73.4,74.41,72.2,72.98,4298492.270518,58694.068758,-0.57,3.06
158,DCR-BTC,0.00101,0.00102,0.001,0.00101,0.34473791,343.5565,0.0,2.0
159,DCR-USDT,23.99,24.09,23.5,23.62,76151.64913477,3213.02011872,-1.54,2.51
160,DEP-USDC,0.00434,0.00444,0.00427,0.00436,16426.0754,3780435.0719,0.46,3.98
161,DEP-USDT,0.00433,0.00445,0.00427,0.00437,3534409.111413,812267615.839322,0.92,4.22
162,DEVT-USDT,0.0114,0.0117,0.01132,0.01153,86961.102738,7567429.990865,1.14,3.36
163,DGB-BTC,0.000000479,0.000000486,0.000000474,0.000000476,1.29,3155984.02,-0.63,2.53
164,DGB-USDT,0.01135,0.01151,0.01112,0.01117,141912.059495,12492066.860668,-1.59,3.51
165,DHT-USDT,0.1845,0.1845,0.1721,0.177,7128.474909,40166.197147,-4.07,7.21
166,DIA-USDT,0.416,0.416,0.404,0.407,34691.703671,84424.023043,-2.16,2.97
167,DMD-USDT,9.11,9.31,9.09,9.16,334809.670672,36366.753051,0.55,2.42
168,DNA-USDT,0.000154,0.0001883,0.000146,0.0001563,229791.732849,1394876224.9844,1.49,28.97
169,DOGE-BTC,0.00000347,0.00000349,0.00000344,0.00000345,8.24547582,2384976.758,-0.58,1.45
170,DOGE-ETH,0.0000498,0.0000499,0.000049,0.0000492,78.14251407,1579874.6845,-1.2,1.84
171,DOGE-USDC,0.08244,0.08287,0.08048,0.08091,1010489.7,12365803.3,-1.86,2.97
172,DOGE-USDT,0.08242,0.08288,0.08049,0.08093,11199687.942824,137049271.746004,-1.81,2.97
173,DOME-USDC,0.00188,0.00195,0.00161,0.00172,353469.41,196057909.16,-8.51,21.12
174,DOME-USDT,0.00187,0.00194,0.0016,0.00172,2925398.986724,1632892427.315045,-8.02,21.25
175,DORA-USDT,3.216,3.342,3.13,3.278,225972.873873,69808.888721,1.93,6.77
176,DOSE-USDT,0.00758,0.00761,0.00737,0.00743,267510.680032,35787614.335246,-1.98,3.26
177,DOT-BTC,0.0002758,0.0002773,0.000271,0.000273,15.0346,54930.6445,-1.02,2.32
178,DOT-ETH,0.003957,0.003968,0.003859,0.003884,181.6207,46390.6798,-1.84,2.82
179,DOT-USDC,6.541,6.599,6.357,6.398,691796.498683,106838.502765,-2.19,3.81
180,DOT-USDT,6.542,6.598,6.351,6.396,6236512.746332,962004.398029,-2.23,3.89
181,DYDX-BTC,0.00012964,0.00013897,0.00012963,0.00013354,42.0329,311735.9907,3.01,7.21
182,DYDX-USDC,3.091,3.295,3.071,3.123,1016717.6461,318880.1513,1.04,7.29
183,DYDX-USDT,3.094,3.3,3.07,3.123,14102907.239784,4421790.425255,0.94,7.49
184,EC-USDT,0.00036,0.00036,0.00034,0.00035,18098.514817,51373985.513896,-2.78,5.88
185,EDEN-USDT,0.081,0.0836,0.078,0.08,14451.323793,179360.274481,-1.23,7.18
186,EFI-USDT,0.0958,0.0968,0.0885,0.0899,151593.99649,1639478.588263,-6.16,9.38
187,EGLD-BTC,0.002073,0.002086,0.002004,0.002022,4.0804,1997.8813,-2.46,4.09
188,EGLD-USDC,49.17,49.34,47.02,47.38,292680.457538,6053.489815,-3.64,4.93
189,EGLD-USDT,49.2,49.35,46.97,47.35,1393254.293035,28796.026852,-3.76,5.07
190,EGT-USDT,0.000399,0.000406,0.000383,0.000393,6295.055423,15867798.696459,-1.5,6.01
191,ELF-BTC,0.00001188,0.00001271,0.00001168,0.00001227,2.895,241399.223,3.28,8.82
192,ELF-USDT,0.2822,0.291,0.2737,0.284,772967.874245,2752412.036144,0.64,6.32
193,ELON-USDT,0.0000004217,0.0000004299,0.000000408,0.0000004229,391324,935873452208,0.28,5.37
194,ELT-USDC,0.001308,0.001372,0.001291,0.001326,10414.28,7916999.11,1.38,6.27
195,ELT-USDT,0.001303,0.001355,0.001295,0.001326,155695.4157,118059648.5942,1.77,4.63
196,EM-USDT,0.000835,0.00086,0.000831,0.000842,60130.424538,71547561.105573,0.84,3.49
197,ENJ-BTC,0.00002006,0.00002067,0.00001971,0.0000198,0.90405201,44921,-1.3,4.87
198,ENJ-USDT,0.4777,0.4874,0.4616,0.4641,804393.086155,1688817.925905,-2.85,5.59
199,ENS-BTC,0.0006749,0.0006837,0.00066,0.0006623,7.7938,11563.2106,-1.87,3.59
200,ENS-USDC,16.02,16.24,15.43,15.53,243271.1371,15262.8024,-3.06,5.25
201,ENS-USDT,16,16.26,15.43,15.51,1630229.252521,102332.913461,-3.06,5.38
202,EOS-BTC,0.0000498,0.0000514,0.0000495,0.0000503,3.1969,63529.3434,1.0,3.84
203,EOS-ETH,0.000714,0.000732,0.000713,0.000716,7.8337,10860.5468,0.28,2.66
204,EOS-USDC,1.1813,1.2159,1.1749,1.1773,111985.6623,94038.3292,-0.34,3.49
205,EOS-USDT,1.181,1.2159,1.1734,1.1764,11385352.70454,9549645.221546,-0.39,3.62
206,ERN-USDT,2.189,2.204,2.129,2.131,108317.716528,49722.952047,-2.65,3.52
207,ETC-BTC,0.000898,0.000903,0.000889,0.000889,2.82411,3149.85037,-1.0,1.57
208,ETC-ETH,0.0129,0.01291,0.01267,0.01267,17.0652,1335.58563,-1.78,1.89
209,ETC-OKB,0.412,0.418,0.411,0.415,98.32295,236.90495,0.73,1.7
210,ETC-USDC,21.305,21.469,20.789,20.845,829370.6523,39181.3534,-2.16,3.27
211,ETC-USDT,21.296,21.475,20.78,20.851,8384142.624153,395884.68283,-2.09,3.34
212,ETH-BTC,0.0697,0.0706,0.06938,0.0702,242.959068,3474.559589,0.72,1.76
213,ETH-DAI,1653.2,1677.27,1632.26,1644.72,1274163.351747,770.674521,-0.51,2.76
214,ETH-EURT,1510.25,1558.11,1510.25,1551.15,164.286397,0.105702,2.71,3.17
215,ETH-USDC,1652.87,1677.68,1631.66,1644.69,11203381.4919,6776.102723,-0.49,2.82
216,ETH-USDK,1649.7,1671.84,1626.33,1640.78,945416.760238,574.583301,-0.54,2.8
217,ETH-USDT,1652.82,1677.85,1631.35,1644.39,121891196.148155,73717.102148,-0.51,2.85
218,ETHW-BTC,0.0001575,0.0001604,0.0001571,0.0001575,6.3535,40029.3522,0.0,2.1
219,ETHW-USDC,3.739,3.805,3.68,3.689,250194.2691,66808.4433,-1.34,3.4
220,ETHW-USDT,3.735,3.807,3.677,3.688,1572989.1691,419933.0511,-1.26,3.54
221,EURT-USDT,1.0574,1.0689,1.0574,1.062,2250.2153,2112.4211,0.44,1.09
222,FAIR-USDT,0.001682,0.002348,0.001671,0.002151,1164040.145749,569576771.814934,27.88,40.51
223,FAME-USDT,0.00257,0.0026,0.00247,0.00251,21493.6753,8529278.1051,-2.33,5.26
224,FIL-BTC,0.00029,0.000311,0.000288,0.000296,5.753524,19154,2.07,7.99
225,FIL-ETH,0.0042,0.0045,0.0041,0.0041,118.50675666,26949.14761234,-2.38,9.76
226,FIL-USDC,6.896,7.365,6.836,6.937,111102.102358,15687.173049,0.59,7.74
227,FIL-USDT,6.885,7.365,6.819,6.935,59400733.793217,8428359.167237,0.73,8.01
228,FITFI-USDC,0.0255,0.0259,0.0249,0.0251,50617.5759,2000299.3545,-1.57,4.02
229,FITFI-USDT,0.0255,0.026,0.0249,0.0251,400791.485,15792627.1961,-1.57,4.42
230,FLM-USDC,0.1122,0.1137,0.1079,0.108,97948.2399,883461.1768,-3.74,5.38
231,FLM-USDT,0.1122,0.1136,0.1075,0.1079,272209.375649,2457286.924824,-3.83,5.67
232,FLOKI-USDC,0.000048378,0.000048582,0.000042633,0.000045096,759275,16338388846,-6.78,13.95
233,FLOKI-USDT,0.000048331,0.00004861,0.000042574,0.000045126,4480308,97094339187,-6.63,14.18
234,FLOW-BTC,0.0000502,0.0000512,0.0000488,0.0000491,1.72227541,34294.9656,-2.19,4.92
235,FLOW-ETH,0.00072,0.00073,0.0007,0.0007,1.22362062,1703.0242,-2.78,4.29
236,FLOW-USDC,1.194,1.21,1.142,1.15,336595.2508,284706.277,-3.69,5.95
237,FLOW-USDT,1.192,1.211,1.142,1.149,1499117.50798,1270220.649363,-3.61,6.04
238,FLR-USDC,0.0383,0.04017,0.03734,0.03744,384703.08,9989245.24,-2.25,7.58
239,FLR-USDT,0.03826,0.04024,0.03732,0.03744,1661266.09,43005908.69,-2.14,7.82
240,FODL-USDT,0.0061,0.0061,0.0058,0.0059,4452.689063,749457.771817,-3.28,5.17
241,FORTH-USDT,4.43,4.63,4.42,4.48,37929.440192,8357.103776,1.13,4.75
242,FRONT-USDT,0.2534,0.2625,0.2507,0.2529,80914.743943,317681.525283,-0.2,4.71
243,FSN-USDT,0.3568,0.3621,0.351,0.3527,89611.594101,251905.344712,-1.15,3.16
244,FTM-USDC,0.446,0.4714,0.446,0.4519,22841.0283,49652.2875,1.32,5.7
245,FTM-USDT,0.4485,0.4717,0.4481,0.4513,9002734.060973,19592644.01529,0.62,5.27
246,GALA-USDC,0.04134,0.04213,0.04007,0.04021,11403.8294,280006.5939,-2.73,5.14
247,GALA-USDT,0.041,0.04216,0.03987,0.04019,4194795.006941,102092950.779279,-1.98,5.74
248,GALFT-USDC,4.696,5.011,4.687,4.946,157559.9997,32819.2555,5.32,6.91
249,GALFT-USDT,4.695,5.029,4.695,4.937,358732.4808,74501.5885,5.15,7.11
250,GARI-USDC,0.0601,0.0616,0.0577,0.06,11870.7233,200080.9162,-0.17,6.76
251,GARI-USDT,0.0598,0.0615,0.0575,0.0598,47704.488901,802184.127918,0.0,6.96
252,GAS-BTC,0.0001487,0.0001499,0.00014,0.0001405,1.57916,10788.40726,-5.51,7.07
253,GAS-ETH,0.00213,0.00216,0.002,0.00201,30.57685,14529.64416,-5.63,8.0
254,GAS-USDT,3.523,3.566,3.289,3.294,64381.349667,18742.938688,-6.5,8.42
255,GEAR-USDC,0.01657,0.01746,0.01626,0.01708,4351.4,252293.38,3.08,7.38
256,GEAR-USDT,0.01645,0.01776,0.01606,0.01689,98688.68,5849679.36,2.67,10.59
257,GF-USDT,0.0994,0.1013,0.0983,0.0986,311085.779591,3126841.732941,-0.8,3.05
258,GFT-USDC,0.0696,0.075,0.0676,0.0685,441473.6419,6256719.1589,-1.58,10.95
259,GFT-USDT,0.0696,0.0753,0.0677,0.0686,2762896.7501,38791064.8731,-1.44,11.23
260,GHST-ETH,0.000889,0.000917,0.000881,0.000904,396.4152,441400.5732,1.69,4.09
261,GHST-USDT,1.471,1.53,1.456,1.49,902690.306472,607593.341886,1.29,5.08
262,GLM-USDT,0.2707,0.2758,0.2647,0.2679,172958.784297,639320.889619,-1.03,4.19
263,GLMR-USDC,0.4388,0.443,0.4242,0.4275,195011.3284,449713.5029,-2.58,4.43
264,GLMR-USDT,0.4388,0.4436,0.4239,0.4262,1204338.370391,2781771.093272,-2.87,4.65
265,GM-USDT,0.00001256,0.00001285,0.0000121,0.00001229,61476,4943631602,-2.15,6.2
266,GMT-USDC,0.3848,0.4203,0.377,0.4126,282493.2,697462.0323,7.22,11.49
267,GMT-USDT,0.3849,0.4208,0.377,0.4118,9009621.731,22346519.7103,6.99,11.62
268,GMX-USDC,73.71,77.74,73.06,75.18,1256448.4717,16672.8157,1.99,6.41
269,GMX-USDT,73.8,77.93,73.03,75.24,3324536.6006,44155.2397,1.95,6.71
270,GOAL-USDC,0.2764,0.2784,0.2397,0.2447,125016.077,483719.857,-11.47,16.15
271,GOAL-USDT,0.2783,0.2793,0.2392,0.245,401566.47,1550589.256,-11.97,16.76
272,GODS-USDC,0.2905,0.2922,0.2802,0.2804,55187.7723,191801.0588,-3.48,4.28
273,GODS-USDT,0.2904,0.2921,0.2805,0.2805,212362.637072,737798.653657,-3.41,4.14
274,GOG-USDT,0.0888,0.0918,0.0866,0.0878,137653.641556,1563998.869732,-1.13,6.0
275,GRT-BTC,0.00000666,0.00000684,0.00000663,0.00000663,1.39305533,207014,-0.45,3.17
276,GRT-USDC,0.1579,0.1628,0.1553,0.1554,267749.5981,1680318.849,-1.58,4.83
277,GRT-USDT,0.1581,0.1629,0.1552,0.1553,1775957.121868,11138501.374213,-1.77,4.96
278,HBAR-BTC,0.00000299,0.00000307,0.00000289,0.0000029,2.0498,688379.9612,-3.01,6.23
279,HBAR-USDC,0.0705,0.0732,0.0676,0.0678,196500.8795,2804307.4464,-3.83,8.28
280,HBAR-USDT,0.0706,0.0732,0.0675,0.0678,848758.939407,12079944.160379,-3.97,8.44
281,HC-BTC,0.0000051,0.00000525,0.00000502,0.00000522,0.0064,1318.3508,2.35,4.58
282,HC-USDT,0.1208,0.1252,0.1207,0.1221,20027.688476,163904.78312,1.08,3.73
283,HDAO-USDT,0.00593,0.00609,0.00545,0.00555,44509.565101,7814539.06502,-6.41,11.74
284,HEGIC-ETH,0.00001639,0.00001725,0.00001554,0.00001554,0,869982,-5.19,11.0
285,HEGIC-USDT,0.02704,0.0287,0.0253,0.02559,41874.201375,1557727.584906,-5.36,13.44
286,HNT-USDC,2.6992,2.8014,2.6726,2.6738,162073.7194,59828.4563,-0.94,4.82
287,HNT-USDT,2.7326,2.7863,2.6686,2.6891,199008.7458,73002.7164,-1.59,4.41
288,HYC-USDT,0.0001927,0.0001965,0.0001896,0.0001926,40969.3677664,212270416,-0.05,3.64
289,ICP-BTC,0.000257,0.000261,0.000253,0.000254,0.2335352,907.8854,-1.17,3.16
290,ICP-USDC,6.12,6.22,5.91,5.94,129883.552,21341.929,-2.94,5.25
291,ICP-USDT,6.1,6.23,5.91,5.95,2105920.435901,345827.41213,-2.46,5.41
292,ICX-BTC,0.0000107,0.0000112,0.0000107,0.0000108,0.4829,43961.9987,0.93,4.67
293,ICX-USDT,0.254,0.2658,0.2521,0.2528,450918.047666,1739424.672737,-0.47,5.43
294,IGU-USDC,0.14371,0.15706,0.12059,0.12648,125574.8241,911996.433,-11.99,30.24
295,IGU-USDT,0.14499,0.159,0.12303,0.12628,602289.4189,4350811.18,-12.9,29.24
296,ILV-USDT,81.1,88.6,79.4,80.2,1102131.139719,13032.314089,-1.11,11.59
297,IMX-USDC,1.089,1.097,1.009,1.015,281864.2162,266048.5919,-6.8,8.72
298,IMX-USDT,1.087,1.098,1.008,1.013,2239797.238089,2112830.249717,-6.81,8.93
299,INT-BTC,0.000000129,0.000000143,0.000000125,0.000000133,0.02,2055373.17,3.1,14.4
300,INT-ETH,0.00000188,0.00000206,0.00000176,0.00000189,3.13,2371737.28,0.53,17.05
301,INT-USDT,0.00307,0.00341,0.002951,0.003088,271801.83595,88760183.760811,0.59,15.55
302,INX-USDT,0.000503,0.000514,0.000485,0.0005,55874.47837,111842587.324056,-0.6,5.98
303,IOST-BTC,0.000000484,0.00000052,0.000000484,0.00000049,5.72,11878229.84,1.24,7.44
304,IOST-ETH,0.00000695,0.00000712,0.00000695,0.00000699,29.73,4225555.04,0.58,2.45
305,IOST-USDC,0.01148,0.01186,0.01146,0.01148,80485.57,6912923.29,0.0,3.49
306,IOST-USDT,0.01148,0.01186,0.01145,0.01148,370448.435618,31792136.680869,0.0,3.58
307,IOTA-BTC,0.0000103,0.0000107,0.0000103,0.0000104,0.15,15560.284,0.97,3.88
308,IOTA-USDT,0.2455,0.2514,0.2421,0.2434,722640.669315,2911787.717012,-0.86,3.84
309,IQ-USDT,0.00713,0.00719,0.00695,0.00708,6266.835277,881910.475278,-0.7,3.45
310,JFI-USDT,39.76,40.69,39.53,40.1,94674.44855,2367.851218,0.86,2.93
311,JOE-USDT,0.265,0.273,0.262,0.262,50704.822065,189777.720893,-1.13,4.2
312,JST-USDC,0.0297,0.02997,0.02892,0.02901,215309.4646,7251075.8329,-2.32,3.63
313,JST-USDT,0.02972,0.02999,0.02888,0.02899,1321856.272537,44590070.761924,-2.46,3.84
314,KAN-USDT,0.001232,0.001249,0.001228,0.001236,75981.92352,61368252.852437,0.32,1.71
315,KAR-USDT,0.214,0.22,0.205,0.209,19501.350249,91542.33327,-2.34,7.32
316,KCAL-USDC,0.4574,0.4664,0.4567,0.4654,154611.5806,334201.846,1.75,2.12
317,KCAL-USDT,0.434,0.4434,0.4282,0.4335,26691.9531,61438.5368,-0.12,3.55
318,KCASH-USDT,0.001628,0.001678,0.0015,0.001536,251701.771505,160480654.038289,-5.65,11.87
319,KDA-USDT,1.11,1.129,1.095,1.098,253081.003146,227364.836031,-1.08,3.11
320,KINE-USDT,0.1008,0.1056,0.0937,0.0949,191789.169682,1952000.963681,-5.85,12.7
321,KISHU-USDC,0.00000000065,0.000000000686,0.000000000616,0.000000000623,62769,97078985719390,-4.15,11.36
322,KISHU-USDT,0.000000000651,0.000000000696,0.000000000613,0.000000000622,437690,675685753800960,-4.45,13.54
323,KLAY-BTC,0.00001187,0.00001216,0.00001098,0.00001101,0.60403616,51892,-7.25,10.75
324,KLAY-USDC,0.2809,0.2843,0.2573,0.2573,235803.9942,857688.0712,-8.4,10.49
325,KLAY-USDT,0.2809,0.2845,0.2565,0.2575,2021594.739814,7395431.780409,-8.33,10.92
326,KNC-BTC,0.000036,0.0000368,0.0000353,0.0000353,0.352,10247.643,-1.94,4.25
327,KNC-USDC,0.8538,0.87,0.8247,0.8247,256051.676,299627.7935,-3.41,5.49
328,KNC-USDT,0.8524,0.8697,0.8249,0.8256,983942.927857,1151175.721432,-3.14,5.43
329,KOL-USDT,0.00347,0.00357,0.0034,0.0034,12125.164672,3482393.062694,-2.02,5.0
330,KONO-USDT,0.0256,0.0275,0.0253,0.0261,42464.281152,1617479.695038,1.95,8.7
331,KP3R-USDT,93.75,94,91.02,91.21,89172.585143,963.844331,-2.71,3.27
332,KSM-BTC,0.00159,0.00161,0.00158,0.00159,0.4241,265.7632,0.0,1.9
333,KSM-ETH,0.0228,0.0231,0.0225,0.0227,7.724,339.0789,-0.44,2.67
334,KSM-USDC,37.66,38.33,36.93,37.25,155208.3332,4116.0509,-1.09,3.79
335,KSM-USDT,37.69,38.33,36.95,37.27,816914.568845,21621.891406,-1.11,3.73
336,LAMB-USDT,0.002115,0.002159,0.002088,0.002095,37945.55914,17860165.132328,-0.95,3.4
337,LAT-USDT,0.02255,0.02342,0.02153,0.02245,2061217.786156,90650811.339166,-0.44,8.78
338,LBA-USDT,0.001911,0.001949,0.00185,0.00187,40587.980607,21453690.56852,-2.15,5.35
339,LDN-USDT,0.1213,0.1845,0.1159,0.1758,616761.294201,4051683.473107,44.93,59.19
340,LDO-USDT,3.0859,3.1291,2.8731,2.9102,14055540.0344,4667045.8755,-5.69,8.91
341,LEASH-USDT,591.5,615.2,564.7,571.7,82370.380429,140.045612,-3.35,8.94
342,LEO-USDT,3.326,3.37,3.315,3.341,57796.368114,17346.370433,0.45,1.66
343,LET-USDT,0.001147,0.001228,0.00113,0.001153,39804.6946,34069198.6807,0.52,8.67
344,LING-USDT,0.0057815,0.006,0.00565,0.0056859,110035.12,19090581.23,-1.65,6.19
345,LINK-BTC,0.000313,0.000319,0.000311,0.000314,2.429,7769.514,0.32,2.57
346,LINK-ETH,0.00448,0.00454,0.00446,0.00448,20.821,4628.358,0.0,1.79
347,LINK-USDC,7.415,7.579,7.34,7.36,429386.878,57738.1124,-0.74,3.26
348,LINK-USDT,7.401,7.583,7.329,7.359,6052160.545795,813550.039373,-0.57,3.47
349,LITH-USDT,0.001168,0.001248,0.001155,0.001161,52048.559364,43620752.218778,-0.6,8.05
350,LON-USDT,0.645,0.646,0.616,0.624,102122.135823,162491.518117,-3.26,4.87
351,LOOKS-USDC,0.1968,0.2084,0.1951,0.1987,98723.1679,492829.4246,0.97,6.82
352,LOOKS-USDT,0.1968,0.2088,0.1947,0.1986,2204283.041013,10995507.835378,0.91,7.24
353,LOON-USDT,0.00267,0.00281,0.0026,0.0026,9594.610224,3599941.305709,-2.62,8.08
354,LPT-USDT,7.25,7.36,7.08,7.11,370735.037237,51297.471834,-1.93,3.95
355,LRC-BTC,0.0000153,0.00001547,0.00001507,0.00001517,2.141,147452.021,-0.85,2.65
356,LRC-USDC,0.3629,0.3684,0.3533,0.3549,301012.2445,832352.7581,-2.2,4.27
357,LRC-USDT,0.363,0.3683,0.3531,0.3554,1206775.849611,3336592.08155,-2.09,4.3
358,LSK-BTC,0.0000494,0.0000502,0.0000484,0.0000485,1.445405,29191,-1.82,3.72
359,LSK-USDT,1.168,1.183,1.129,1.136,53261.50282808,45699.21399564,-2.74,4.78
360,LTC-BTC,0.004092,0.004158,0.004088,0.004158,20.677752,5011.808339,1.61,1.71
361,LTC-ETH,0.0587,0.06,0.0583,0.0592,61.8825,1049.600116,0.85,2.92
362,LTC-OKB,1.88,1.94,1.88,1.94,69.122508,36.142388,3.19,3.19
363,LTC-USDC,97.08,98.35,96.49,97.43,1516585.006308,15569.329849,0.36,1.93
364,LTC-USDT,97.08,98.35,96.45,97.43,17514170.719624,179837.659165,0.36,1.97
365,LUNA-BTC,0.0000732,0.0000738,0.0000727,0.0000731,4.8085,65771.0896,-0.14,1.51
366,LUNA-USDC,1.7359,1.7506,1.7048,1.7124,349076.8,201803.7,-1.35,2.69
367,LUNA-USDT,1.7363,1.7492,1.7032,1.7125,2181787.0362,1261296.5891,-1.37,2.7
368,LUNC-BTC,0.00000000691,0.00000000701,0.00000000689,0.00000000697,0,1456984856,0.87,1.74
369,LUNC-USDC,0.00016411,0.00016587,0.00016235,0.00016335,239162,1456698188,-0.46,2.17
370,LUNC-USDT,0.00016405,0.00016592,0.00016204,0.00016332,1930522,11761835399,-0.44,2.39
371,MAGIC-USDT,1.601,1.679,1.554,1.564,3139419.838004,1934188.131529,-2.31,8.04
372,MANA-BTC,0.00002749,0.00002785,0.00002722,0.00002723,1.21,77737.43,-0.95,2.31
373,MANA-ETH,0.0003946,0.0003974,0.0003877,0.0003877,25.66,65618.02,-1.75,2.5
374,MANA-USDC,0.652,0.6615,0.6371,0.6381,362479.884,557089.0106,-2.13,3.83
375,MANA-USDT,0.6521,0.6622,0.6361,0.6381,1742010.278625,2675364.202116,-2.15,4.1
376,MASK-USDC,4.183,4.193,3.892,3.93,1229157.9371,300218.9175,-6.05,7.73
377,MASK-USDT,4.18,4.198,3.89,3.929,9135074.324664,2233576.645177,-6.0,7.92
378,MATIC-BTC,0.0000527,0.00005299,0.00005176,0.00005207,52.757,1006527.3677,-1.2,2.38
379,MATIC-USDC,1.2512,1.263,1.2114,1.22,1600151.6422,1292244.3895,-2.49,4.26
380,MATIC-USDT,1.2502,1.2631,1.211,1.2195,13344925.644184,10775801.833747,-2.46,4.3
381,MCO-USDT,3.91,3.95,3.87,3.91,88060.935429,22477.824302,0.0,2.07
382,MDA-USDT,0.0648,0.0655,0.0638,0.0643,25257.646618,391295.902872,-0.77,2.66
383,MDT-USDT,0.07036,0.07481,0.06663,0.06687,2458170.284707,35113755.75532,-4.96,12.28
384,MENGO-USDT,0.56333,0.57996,0.55777,0.5643,28203.1397,49691.4145,0.17,3.98
385,METIS-USDT,33.32,33.72,31.71,32.11,122792.439145,3775.21633,-3.63,6.34
386,MILO-USDT,0.0000000196,0.00000002147,0.00000001894,0.00000001928,301068,15008643179523,-1.63,13.36
387,MINA-USDC,0.966,1.038,0.946,1.011,105400.2065,107249.495,4.66,9.73
388,MINA-USDT,0.965,1.04,0.945,1.013,2523431.890014,2544143.506798,4.97,10.05
389,MIR-USDT,0.128,0.136,0.127,0.132,58468.674798,448010.143832,3.12,7.09
390,MITH-BTC,0.000000148,0.000000152,0.000000139,0.000000146,0.729,5018526.347,-1.35,9.35
391,MITH-USDT,0.00351,0.00363,0.00326,0.00338,68531.471482,20032118.999153,-3.7,11.35
392,MKR-BTC,0.0357,0.0404,0.0356,0.0382,7.699329,198.264427,7.0,13.48
393,MKR-ETH,0.511,0.576,0.511,0.544,28.972742,52.270662,6.46,12.72
394,MKR-USDC,847.5,954.6,844.4,896.9,432284.556829,472.113485,5.83,13.05
395,MKR-USDT,846.4,956.8,845.1,894.5,6300403.98801861,6869.18873721,5.68,13.22
396,MLN-USDT,25.7,26,25.1,25.1,7969.151796,309.739695,-2.33,3.59
397,MOF-USDC,0.0001549,0.0001551,0.0001403,0.0001428,24378,164553056,-7.81,10.55
398,MOF-USDT,0.0001546,0.0001547,0.0001402,0.0001427,323964.499,2189696945.881,-7.7,10.34
399,MON-USDT,0.001705,0.001717,0.0016,0.001613,34581.782,20632857.232,-5.4,7.31
400,MOVEZ-USDC,0.003,0.0031,0.00295,0.003,24979.47,8323974.29,0.0,5.08
401,MOVEZ-USDT,0.00301,0.00309,0.00291,0.00299,38703.72,12889053.7,-0.66,6.19
402,MOVR-USDT,9.94,10.31,9.78,9.79,208970.087651,20844.162813,-1.51,5.42
403,MRST-USDC,0.01658,0.01696,0.01478,0.01482,12632.2008,813748.9954,-10.62,14.75
404,MRST-USDT,0.01649,0.017,0.0148,0.01482,38542.2394,2477893.4737,-10.13,14.86
405,MXC-USDC,0.02645,0.02694,0.02551,0.02561,39831.0651,1521228.9597,-3.18,5.61
406,MXC-USDT,0.02634,0.02689,0.02552,0.02567,134461.305164,5140808.100175,-2.54,5.37
407,MXT-USDT,0.001275,0.0015,0.001259,0.00137,492016.064866,374810942.828958,7.45,19.14
408,NAS-BTC,0.00000146,0.00000153,0.00000145,0.00000151,0.0385,36020.8333,3.42,5.52
409,NAS-USDT,0.0346,0.0363,0.0342,0.0357,8359.348571,236614.8506,3.18,6.14
410,NEAR-BTC,0.00009898,0.00009898,0.00009587,0.00009621,2.64479873,27135,-2.8,3.24
411,NEAR-ETH,0.00142,0.00142,0.001371,0.001371,10.730257,7686,-3.45,3.57
412,NEAR-USDC,2.347,2.356,2.243,2.256,423170.9007,183470.7892,-3.88,5.04
413,NEAR-USDT,2.346,2.358,2.243,2.255,2969192.92880812,1286784.91217522,-3.88,5.13
414,NEO-BTC,0.000551,0.000557,0.000516,0.000517,2.46572,4590.63043,-6.17,7.95
415,NEO-ETH,0.00787,0.00797,0.00736,0.00736,26.25343,3438.8504,-6.48,8.29
416,NEO-USDT,13.068,13.225,12.092,12.092,3078559.088548,242577.240894,-7.47,9.37
417,NFT-USDC,0.0000004888,0.0000004919,0.0000004888,0.0000004902,388,790081566,0.29,0.63
418,NFT-USDT,0.0000004903,0.0000004945,0.0000004872,0.0000004896,1517640,3090671639817,-0.14,1.5
419,NMR-USDC,22.15,22.23,20.45,20.52,233938.733798,10958.20958,-7.36,8.7
420,NMR-USDT,22.14,22.19,20.46,20.5,1071332.479157,50098.71191,-7.41,8.46
421,NULS-BTC,0.00001138,0.00001159,0.00001134,0.0000115,0.1921,16858.7779,1.05,2.2
422,NULS-ETH,0.000163,0.000165,0.000162,0.000164,91.3329,558571.0638,0.61,1.85
423,NULS-USDT,0.2709,0.2737,0.2671,0.2699,61774.707329,228677.014051,-0.37,2.47
424,NYM-USDC,0.2628,0.2798,0.2612,0.2748,193661.789,711653.0245,4.57,7.12
425,NYM-USDT,0.2627,0.28,0.2608,0.2752,376491.9361,1382948.0789,4.76,7.36
426,OAS-USDC,0.097723,0.098788,0.093414,0.096132,203688.79,2124925.5,-1.63,5.75
427,OAS-USDT,0.097545,0.09889,0.093321,0.096157,663366.27,6922135.75,-1.42,5.97
428,OKB-BTC,0.0021718,0.0021832,0.0021326,0.0021334,156.6168,72548.0057,-1.77,2.37
429,OKB-ETH,0.031165,0.031341,0.030385,0.030427,1121.1362,36344.1016,-2.37,3.15
430,OKB-USDC,51.5,51.83,49.95,50,1661791.0692,32577.5431,-2.91,3.76
431,OKB-USDT,51.5,51.97,49.87,49.97,14727749.739581,288694.821065,-2.97,4.21
432,OKDOT1-DOT,0.82,0.82,0.82,0.82,48.38,59,0.0,0.0
433,OKDOT2-DOT,0.7587,0.7608,0.7587,0.7608,48.3099,63.5274,0.28,0.28
434,OKT-BTC,0.001291,0.001353,0.001237,0.001277,3.79954552,2913.4712,-1.08,9.38
435,OKT-ETH,0.01851,0.0194,0.01767,0.01819,101.63139254,5463.456,-1.73,9.79
436,OKT-USDC,30.67,31.98,28.98,29.93,766039.62873,24778.450839,-2.41,10.35
437,OKT-USDT,30.67,32.05,29,29.95,4199355.346949,136721.611156,-2.35,10.52
438,OM-ETH,0.0000268,0.0000268,0.000026,0.0000263,8.6706,328068.3391,-1.87,3.08
439,OM-USDT,0.0442,0.0445,0.043,0.0432,34643.523414,792347.036434,-2.26,3.49
440,OMG-BTC,0.0000724,0.000074,0.0000712,0.0000715,0.5239,7230.2194,-1.24,3.93
441,OMG-USDC,1.72,1.737,1.668,1.677,143288.3114,83786.8979,-2.5,4.14
442,OMG-USDT,1.718,1.737,1.668,1.676,326774.999732,191009.131036,-2.44,4.14
443,OMI-USDT,0.001028,0.001028,0.000979,0.001018,70675.914,69782045.735,-0.97,5.01
444,ONE-USDT,0.02213,0.0223,0.02131,0.02145,426267.886365,19476440.088452,-3.07,4.65
445,ONT-BTC,0.0000108,0.0000111,0.0000107,0.0000107,0.179,16385.048,-0.93,3.74
446,ONT-USDT,0.2555,0.2616,0.2494,0.2501,486634.733423,1889405.019046,-2.11,4.89
447,OP-USDC,2.7937,2.8407,2.6624,2.6816,2231493.3215,809834.6881,-4.01,6.7
448,OP-USDT,2.7899,2.8426,2.6572,2.6823,16421836.8603,5962928.5793,-3.86,6.98
449,ORB-USDT,0.1787,0.1998,0.1668,0.1711,273138.066558,1522265.916466,-4.25,19.78
450,ORBS-USDT,0.0352,0.0357,0.0338,0.0342,25753.16262,744848.723711,-2.84,5.62
451,ORS-USDT,0.00291,0.00292,0.0028,0.00283,25482,8904338,-2.75,4.29
452,OXT-USDT,0.0983,0.0984,0.0933,0.0939,16804.56015,175728.723939,-4.48,5.47
453,PAY-USDT,0.01826,0.01858,0.0175,0.01782,9593.909363,532089.567072,-2.41,6.17
454,PCI-USDT,0.264,0.3224,0.26,0.2905,61781.6068,217414.2361,10.04,24.0
455,PEOPLE-BTC,0.0000011271,0.0000011474,0.000001119,0.0000011299,0.01,1301531.14,0.25,2.54
456,PEOPLE-USDC,0.02672,0.02719,0.02614,0.02645,33595,1257896.12,-1.01,4.02
457,PEOPLE-USDT,0.02671,0.02719,0.02612,0.02645,1808737.1267,67758349.95991,-0.97,4.1
458,PERP-USDC,0.931,1.117,0.9,1.06,156171.214,163048.7746,13.86,24.11
459,PERP-USDT,0.93,1.121,0.9,1.061,3530472.346634,3429426.611414,14.09,24.56
460,PHA-BTC,0.000007358,0.000007743,0.000007317,0.000007616,6.56,1057629.35,3.51,5.82
461,PHA-USDT,0.1745,0.1841,0.1711,0.1777,754956.924976,4285283.929221,1.83,7.6
462,PICKLE-USDT,1.41,1.548,1.407,1.506,186245.440277,125657.394287,6.81,10.02
463,PIT-USDT,0.000000000574,0.000000000587,0.000000000547,0.000000000555,56744,99767694146680,-3.31,7.31
464,PLG-USDT,0.000624,0.000676,0.000615,0.000649,57705.03921,90005259.479117,4.01,9.92
465,PNK-USDT,0.027,0.0286,0.0267,0.0278,79980.262857,2883588.246183,2.96,7.12
466,POLS-USDT,0.532,0.536,0.511,0.513,72983.00257,138562.459202,-3.57,4.89
467,POLYDOGE-USDT,0.00000001234,0.000000013,0.0000000117,0.00000001182,370415,30020186719620,-4.21,11.11
468,POR-USDT,1.1119,1.113,1.0906,1.0952,55325.4186,50323.5212,-1.5,2.05
469,PPT-USDT,0.1044,0.1081,0.1,0.102,58353.664295,559736.125808,-2.3,8.1
470,PRQ-USDT,0.1561,0.161,0.1476,0.1498,214869.305548,1387611.385502,-4.04,9.08
471,PST-BTC,0.000000523,0.000000534,0.000000513,0.000000526,7.137,13631708.442,0.57,4.09
472,PST-USDT,0.01239,0.01279,0.01211,0.01234,207580.693776,16650607.835021,-0.4,5.62
473,PSTAKE-USDT,0.1267,0.1319,0.1192,0.121,237098.07167,1904924.95143,-4.5,10.65
474,QOM-USDT,0.0000001002,0.0000001048,0.0000000842,0.0000000881,440426,4752025771050,-12.08,24.47
475,QTUM-BTC,0.0001453,0.0001458,0.0001388,0.0001392,1.69618,11992.72108,-4.2,5.04
476,QTUM-ETH,0.00208,0.00209,0.00198,0.00198,3.28554,1614.96874,-4.81,5.56
477,QTUM-USDT,3.442,3.466,3.255,3.262,1024945.52408,305524.354309,-5.23,6.48
478,RACA-USDC,0.0002207,0.0002277,0.0002199,0.00022,40436,182502617,-0.32,3.55
479,RACA-USDT,0.0002211,0.0002275,0.0002199,0.00022,218402.329,985487144.919,-0.5,3.46
480,RADAR-USDC,0.01674,0.01778,0.01622,0.01723,193437.782,11350889.105,2.93,9.62
481,RADAR-USDT,0.01672,0.01781,0.01622,0.01722,742207.821,43534805.237,2.99,9.8
482,RAY-USDT,0.295,0.375,0.288,0.315,384230.206434,1193868.565445,6.78,30.21
483,REN-BTC,0.00000517,0.00000591,0.00000512,0.00000524,2.1708,406972.589,1.35,15.43
484,REN-USDT,0.1213,0.1396,0.1211,0.1224,3928723.137414,31154998.436185,0.91,15.28
485,REP-USDT,9.08,9.34,8.86,8.87,423629.92424,46711.069092,-2.31,5.42
486,REVV-USDT,0.01508,0.01509,0.01494,0.01495,797.428952,53059.505908,-0.86,1.0
487,RFUEL-USDT,0.00672,0.00684,0.00651,0.00667,63753.300575,9532996.541974,-0.74,5.07
488,RIO-USDT,0.0861,0.1,0.085,0.0936,333207.361074,3569957.233998,8.71,17.65
489,RNT-USDT,0.00192,0.00196,0.00189,0.001928,8097.902137,4222058.124753,0.42,3.7
490,ROAD-USDT,0.001026,0.001039,0.00097,0.000995,175800.949004,175813288.861823,-3.02,7.11
491,RON-USDT,0.807,0.835,0.805,0.81,57555.695849,70717.095125,0.37,3.73
492,RPL-USDC,40,52,40,44.84,164258.1789,3559.0327,12.1,30.0
493,RPL-USDT,40,52,40,44.91,2203128.8258,45461.5157,12.27,30.0
494,RSR-BTC,0.000000221,0.000000242,0.000000217,0.000000221,0.437,1952537,0.0,11.52
495,RSR-USDC,0.00527,0.00545,0.0051,0.00512,112152.42,21236274.47,-2.85,6.86
496,RSR-USDT,0.00526,0.00544,0.00509,0.00512,305027.230929,57803031.141646,-2.66,6.88
497,RSS3-USDT,0.162,0.167,0.158,0.1597,208296.035764,1284162.541625,-1.42,5.7
498,RVN-BTC,0.000001274,0.000001323,0.000001274,0.000001276,2.2782,1754417,0.16,3.85
499,RVN-USDT,0.03024,0.03145,0.02976,0.02993,780888.086829,25450792.304149,-1.03,5.68
500,SAITAMA-USDC,0.002307,0.002419,0.002285,0.002327,30182.04,12892329.43,0.87,5.86
501,SAITAMA-USDT,0.00232,0.00245,0.00229,0.002323,68815.1,29375321.39,0.13,6.99
502,SAMO-USDT,0.0046,0.00477,0.00455,0.0047,19925.744224,4297081.21056,2.17,4.84
503,SAND-USDC,0.7075,0.7149,0.6838,0.6876,625121.6191,892921.7768,-2.81,4.55
504,SAND-USDT,0.7074,0.715,0.6831,0.6876,4633634.791695,6617028.060558,-2.8,4.67
505,SC-BTC,0.00000019,0.000000192,0.000000182,0.000000182,8.88586712,47121519,-4.21,5.49
506,SC-USDT,0.004501,0.0046,0.004249,0.004259,272193.443322,61108186.540225,-5.38,8.26
507,SD-USDT,1.2918,1.3274,1.2522,1.2684,441014.746689,344299.688255,-1.81,6.01
508,SFG-USDT,0.0605,0.0626,0.0595,0.0601,19381.868162,319388.864438,-0.66,5.21
509,SHIB-BTC,0.00000000052,0.000000000523,0.000000000507,0.000000000509,0,28794477856,-2.12,3.16
510,SHIB-USDC,0.00001232,0.00001242,0.00001185,0.00001194,408718,33544348914,-3.08,4.81
511,SHIB-USDT,0.00001232,0.00001243,0.00001183,0.00001194,5182887.65649652,425963224474,-3.08,5.07
512,SIS-USDT,0.0922,0.108,0.09,0.101,84799.423905,874547.404897,9.54,20.0
513,SKEB-USDC,0.0028552,0.0031526,0.0028371,0.0028621,39974.72,13559916.45,0.24,11.12
514,SKEB-USDT,0.0028966,0.0034111,0.0027711,0.0028353,41180.67,13908451.84,-2.12,23.1
515,SKL-USDT,0.0495,0.05,0.0469,0.0471,80411.191749,1653927.305495,-4.85,6.61
516,SLP-USDC,0.00329,0.00337,0.00324,0.00324,62897.0622,19149557.8922,-1.52,4.01
517,SLP-USDT,0.00329,0.00336,0.00323,0.00324,271182.445326,82226332.306279,-1.52,4.02
518,SNT-BTC,0.000001276,0.00000129,0.000001238,0.00000124,0.38,528746.12,-2.82,4.2
519,SNT-USDT,0.03027,0.0306,0.02898,0.02906,273715.983117,9106134.82477,-4.0,5.59
520,SNX-ETH,0.00173,0.00184,0.00172,0.00176,34.7478,19357.107,1.73,6.98
521,SNX-USDC,2.849,3.058,2.831,2.887,609911.9568,206384.4147,1.33,8.02
522,SNX-USDT,2.853,3.059,2.83,2.884,4866369.573191,1641416.948927,1.09,8.09
523,SOC-USDC,0.001505,0.001626,0.001496,0.001533,69892.7322,45052250.413,1.86,8.69
524,SOC-USDT,0.001506,0.001625,0.001498,0.001535,100170.219677,64232577.604544,1.93,8.48
525,SOL-BTC,0.0009533,0.0009603,0.000934,0.0009381,23.0052,24251.3646,-1.59,2.82
526,SOL-ETH,0.01368,0.01378,0.01331,0.01336,45.6763,3362.0914,-2.34,3.53
527,SOL-USDC,22.607,22.919,21.861,21.977,1122237.185025,50064.616108,-2.79,4.84
528,SOL-USDT,22.605,22.923,21.844,21.964,10460539.639399,466780.216836,-2.84,4.94
529,SOS-USDC,0.000000158,0.000000159,0.000000158,0.000000159,2,8776833,0.63,0.63
530,SOS-USDT,0.000000159,0.000000161,0.000000157,0.000000159,81697,513166785777,0.0,2.55
531,SPELL-USDT,0.000841,0.000856,0.00082,0.000822,112578.234828,133723262.863997,-2.26,4.39
532,SRM-BTC,0.00001291,0.00001437,0.00001291,0.00001345,5.6233,424172.421,4.18,11.31
533,SRM-USDC,0.307,0.338,0.305,0.313,68590.2106,218963.9932,1.95,10.82
534,SRM-USDT,0.307,0.338,0.305,0.315,491003.660131,1548386.214075,2.61,10.82
535,SSV-USDC,40,48.7,40,41,627896.2895,14787.4193,2.5,21.75
536,SSV-USDT,40,48.4,40,40.88,4888527.7087,111347.5802,2.2,21.0
537,STARL-USDC,0.000003297,0.0000034,0.000003251,0.000003295,26387,7941477997,-0.06,4.58
538,STARL-USDT,0.000003307,0.000003408,0.000003247,0.000003293,282415,85106596779,-0.42,4.96
539,STC-USDC,0.432,0.441,0.408,0.424,31815.7964,74068.7648,-1.85,8.09
540,STC-USDT,0.434,0.441,0.421,0.423,56753.8486,132251.7839,-2.53,4.75
541,STORJ-USDC,0.4403,0.447,0.4235,0.425,125245.3549,285724.581,-3.47,5.55
542,STORJ-USDT,0.4402,0.4454,0.4239,0.4253,496152.177074,1131792.840213,-3.38,5.07
543,STRK-USDT,15.38,15.94,15.24,15.26,54229.163238,3444.778454,-0.78,4.59
544,STX-BTC,0.00004168,0.00004375,0.00003892,0.00003892,12.02099691,291406,-6.62,12.41
545,STX-USDC,0.9884,1.0335,0.9132,0.9132,1786532.3552,1831379.8342,-7.61,13.17
546,STX-USDT,0.9884,1.0343,0.9111,0.9128,20393480.80607,20859747.683197,-7.65,13.52
547,SUN-USDT,0.00691,0.00695,0.00677,0.00677,179816.905217,26130405.844954,-2.03,2.66
548,SUSHI-ETH,0.000801,0.000821,0.000798,0.000798,31.3107,38690.2793,-0.37,2.88
549,SUSHI-USDC,1.323,1.368,1.313,1.313,257321.6428,192374.0468,-0.76,4.19
550,SUSHI-USDT,1.324,1.368,1.311,1.313,1808117.851519,1351255.32552,-0.83,4.35
551,SWEAT-USDT,0.0115234,0.011629,0.0111138,0.0112079,238758.43,20923420.4,-2.74,4.64
552,SWFTC-BTC,0.0000000602,0.0000000605,0.0000000569,0.000000057,0,28490157,-5.32,6.33
553,SWFTC-ETH,0.000000863,0.000000868,0.000000811,0.000000813,166.2,205873093,-5.79,7.03
554,SWFTC-USDC,0.001431,0.001437,0.001333,0.001337,104065.64,74756835.12,-6.57,7.8
555,SWFTC-USDT,0.001428,0.001438,0.001323,0.001335,140089.252704,100903414.965023,-6.51,8.69
556,SWRV-USDT,0.1585,0.1625,0.1534,0.1546,112069.568044,708335.72512,-2.46,5.93
557,T-USDT,0.0406,0.0455,0.0385,0.0447,411039.334,9716660.8554,10.1,18.18
558,TAI-USDT,0.2167,0.2238,0.2155,0.219,117932.687542,537402.758894,1.06,3.85
559,TAKI-USDT,0.00776,0.00794,0.00737,0.00787,53016.9891,6850447.4451,1.42,7.73
560,TAMA-BTC,0.000000693,0.000000718,0.000000691,0.000000702,1.97,6138635.46,1.3,3.91
561,TAMA-USDC,0.016413,0.016893,0.016306,0.016493,109451.65,6605967.64,0.49,3.6
562,TAMA-USDT,0.016434,0.016935,0.016251,0.016503,797863.48,48176614.73,0.42,4.21
563,TCT-USDT,0.00194,0.002,0.00186,0.00189,12995.544731,6757101.606935,-2.58,7.53
564,THETA-BTC,0.0000502,0.0000508,0.0000493,0.0000494,1.19,29260.94,-1.59,3.04
565,THETA-USDC,1.192,1.202,1.153,1.16,130912.4749,110389.2126,-2.68,4.25
566,THETA-USDT,1.192,1.201,1.151,1.16,607569.196547,513585.688522,-2.68,4.34
567,THG-USDT,0.074,0.0791,0.0737,0.0756,26589.618972,349848.246945,2.16,7.33
568,TON-USDC,2.541,2.58,2.449,2.503,403129.4689,160551.2663,-1.5,5.35
569,TON-USDT,2.542,2.58,2.448,2.5,2964048.627,1177756.0484,-1.65,5.39
570,TOPC-USDT,0.00068,0.00074,0.00066,0.000671,46116.468429,66805694.778965,-1.32,12.12
571,TOWN-USDT,0.0303,0.03097,0.02901,0.03071,5395.382995,177586.561406,1.35,6.76
572,TRA-USDT,1.2,1.23,1.192,1.22,234359.000716,192156.608127,1.67,3.19
573,TRADE-USDT,0.0755,0.0832,0.0752,0.0762,92694.577637,1194981.421926,0.93,10.64
574,TRB-USDC,18.34,18.58,17.89,17.89,137104.0955,7477.8002,-2.45,3.86
575,TRB-USDT,18.29,18.6,17.87,17.93,289385.287997,15819.611066,-1.97,4.09
576,TRUE-BTC,0.00000095,0.00000104,0.00000095,0.00000099,1.369,1413509.456,4.21,9.47
577,TRUE-USDT,0.02258,0.02476,0.02222,0.02345,96634.415079,4139872.740199,3.85,11.43
578,TRX-BTC,0.000002938,0.00000299,0.000002917,0.000002964,4.19,2718509.08,0.88,2.5
579,TRX-ETH,0.00004215,0.00004274,0.00004178,0.0000422,782.5,18652755.37,0.12,2.3
580,TRX-USDC,0.06968,0.07028,0.06935,0.06939,75952.9585,1088277.7739,-0.42,1.34
581,TRX-USDT,0.06966,0.07027,0.06935,0.06941,4367981.79912,62606034.595202,-0.36,1.33
582,TUP-USDT,0.03102,0.03179,0.0299,0.03024,56209.708911,1822049.230221,-2.51,6.32
583,UMA-USDT,2.247,2.276,2.189,2.2,475476.240088,213302.820259,-2.09,3.97
584,UMEE-USDT,0.00867,0.00885,0.00831,0.00835,46431.375423,5441011.120746,-3.69,6.5
585,UNI-BTC,0.0002866,0.0002914,0.0002846,0.0002877,3.07682,10703.02446,0.38,2.39
586,UNI-ETH,0.004111,0.004139,0.004085,0.0041,132.81072,32331.69675,-0.27,1.32
587,UNI-USDC,6.796,6.894,6.7,6.746,452641.472,66675.5375,-0.74,2.9
588,UNI-USDT,6.798,6.898,6.694,6.743,3396427.766619,500188.428337,-0.81,3.05
589,USDC-USDT,0.9999,0.9999,0.999,0.9997,11589075.891307,11591189.802164,-0.02,0.09
590,USDT-USDC,1.0003,1.0003,0.9999,1.0002,4209310.454,4208914.6576,-0.01,0.04
591,USDT-USDK,0.9977,0.9998,0.9977,0.9983,27390.4082,27450.9063,0.06,0.21
592,USTC-BTC,0.000001144,0.000001159,0.00000113,0.000001145,6.22,6755761.74,0.09,2.57
593,USTC-USDC,0.02708,0.02753,0.02668,0.02681,229997.13,8499141.61,-1.0,3.19
594,USTC-USDT,0.02708,0.0276,0.02659,0.02681,1213849.2359,44876000.1459,-1.0,3.8
595,UTK-USDT,0.1174,0.1187,0.114,0.1145,110256.649686,947440.118442,-2.47,4.12
596,VALUE-USDT,0.2212,0.2232,0.2101,0.2145,15389.290301,71087.762484,-3.03,6.24
597,VELO-USDT,0.01101,0.01129,0.00917,0.00967,3391584.688465,334286619.972889,-12.17,23.12
598,VRA-USDC,0.00715,0.00741,0.00694,0.00708,70661.17,9815248.02,-0.98,6.77
599,VRA-USDT,0.00716,0.00748,0.00694,0.00707,569009.261517,78810265.091064,-1.26,7.78
600,VSYS-BTC,0.0000001116,0.0000001129,0.0000000997,0.0000001038,0,3321893,-6.99,13.24
601,VSYS-USDT,0.002647,0.002671,0.002348,0.002429,246365.670487,97930313.165639,-8.24,13.76
602,WAVES-BTC,0.000107,0.000112,0.000107,0.000111,0.469723,4302,3.74,4.67
603,WAVES-USDC,2.541,2.638,2.491,2.602,337643.8712,132721.0457,2.4,5.9
604,WAVES-USDT,2.541,2.641,2.491,2.61,2040020.0361463,796077.38797201,2.72,6.02
605,WAXP-USDT,0.0848,0.0896,0.0823,0.0826,253848.982312,2941031.516813,-2.59,8.87
606,WBTC-BTC,1,1.0009,0.9992,1.0006,3.8695,3.8695,0.06,0.17
607,WBTC-ETH,14.35,14.44,14.17,14.26,120.5984,8.4353,-0.63,1.91
608,WBTC-USDT,23723.4,23971,23308.1,23424,2824991.479753,119.575513,-1.26,2.84
609,WGRT-USDT,0.00174,0.00178,0.00165,0.0017,61594.68834,35459179.975345,-2.3,7.88
610,WIN-USDT,0.0001008,0.0001015,0.0000992,0.0000993,85504,850850434,-1.49,2.32
611,WING-USDT,7.61,7.72,7.41,7.43,147676.802911,19512.201321,-2.37,4.18
612,WNCG-USDT,0.1705,0.189,0.1675,0.1749,218256.799817,1221658.103616,2.58,12.84
613,WNXM-USDT,22.99,23.87,22.76,22.92,41058.868791,1771.120347,-0.3,4.88
614,WOO-USDT,0.2187,0.222,0.2106,0.2119,511762.537929,2352562.724583,-3.11,5.41
615,WSB-USDT,0.000867,0.000888,0.00083,0.00086,25649.104101,29966009.80749,-0.81,6.99
616,WXT-BTC,0.000000193,0.000000204,0.000000192,0.000000197,0.7139,3635109,2.07,6.25
617,WXT-USDT,0.00459,0.00468,0.00458,0.00463,17538.82791,3795739.690348,0.87,2.18
618,XAUT-USDT,1832.4,1843.6,1832.1,1833.2,9495.770991,5.168886,0.04,0.63
619,XCH-BTC,0.001635,0.001671,0.001625,0.001642,0.72643443,441.3816,0.43,2.83
620,XCH-USDC,38.89,39.37,38.21,38.59,247170.4077,6351.3429,-0.77,3.04
621,XCH-USDT,38.75,39.38,38.21,38.51,742481.100225,19090.971283,-0.62,3.06
622,XEC-USDT,0.00003483,0.000035,0.00003365,0.00003365,24995.8,722675790.6,-3.39,4.01
623,XEM-BTC,0.00000227,0.00000234,0.00000212,0.00000212,13.531,6123608.099,-6.61,10.38
624,XEM-USDC,0.0541,0.0555,0.0494,0.0495,71991.4322,1395556.2191,-8.5,12.35
625,XEM-USDT,0.0539,0.0555,0.0496,0.0496,220343.332107,4216185.661541,-7.98,11.9
626,XETA-USDT,0.05361,0.0542,0.051,0.05146,67245.6978,1278738.2578,-4.01,6.27
627,XLM-BTC,0.00000372,0.00000373,0.00000369,0.00000371,1.65,446746.989,-0.27,1.08
628,XLM-ETH,0.0000534,0.0000535,0.0000527,0.0000528,5.905,111235.277,-1.12,1.52
629,XLM-USDC,0.08823,0.08874,0.08669,0.08692,189237.4061,2158539.0833,-1.48,2.36
630,XLM-USDT,0.08835,0.08875,0.08669,0.08689,685579.371441,7822389.286253,-1.65,2.38
631,XMR-BTC,0.006441,0.006714,0.006319,0.006523,22.974923,3562.569057,1.27,6.25
632,XMR-ETH,0.09239,0.0931,0.09093,0.09295,68.298579,742.877312,0.61,2.39
633,XMR-USDC,152.72,153.42,150.35,152.77,421864.454479,2776.947653,0.03,2.04
634,XMR-USDT,152.8,153.73,150.41,152.75,3496800.329539,23003.592219,-0.03,2.21
635,XNO-USDC,0.912,0.924,0.898,0.898,109067.0386,120142.7108,-1.54,2.9
636,XNO-USDT,0.911,0.934,0.899,0.9,56489.3554,62202.632,-1.21,3.89
637,XPR-USDT,0.00164,0.00171,0.00159,0.00161,24313.541393,14577787.577185,-1.83,7.55
638,XRP-BTC,0.00001608,0.00001638,0.00001598,0.00001619,55.313,3425244.602,0.68,2.5
639,XRP-ETH,0.000231,0.000233,0.000229,0.00023,32.468,141384.427,-0.43,1.75
640,XRP-OKB,0.0074,0.0075,0.0074,0.0074,2.467041,329.254052,0.0,1.35
641,XRP-USDC,0.38158,0.38469,0.37741,0.3782,3007770.9543,7880681.5471,-0.89,1.93
642,XRP-USDT,0.38157,0.38483,0.37743,0.37921,33804990.881321,88784157.289306,-0.62,1.96
643,XTZ-BTC,0.00005024,0.00005094,0.00004936,0.00004977,1.1309,22562.2781,-0.94,3.2
644,XTZ-USDC,1.192,1.205,1.156,1.168,158099.3138,133255.4859,-2.01,4.24
645,XTZ-USDT,1.194,1.205,1.155,1.167,290133.497838,245286.055104,-2.26,4.33
646,YEE-USDT,0.000179,0.000185,0.000176,0.000178,49481.272289,275502812.430606,-0.56,5.11
647,YFI-BTC,0.403,0.454,0.401,0.439,2.9641,6.9119,8.93,13.22
648,YFI-ETH,5.79,6.68,5.7,6.27,106.1387,17.2825,8.29,17.19
649,YFI-USDC,9574,10666,9525,10289,628108.548827,62.209092,7.47,11.98
650,YFI-USDT,9558,10685,9513,10315,6038027.966478,594.865675,7.92,12.32
651,YFII-USDC,1296.4,1336.4,1283.7,1298.8,28310.984971,21.687938,0.19,4.11
652,YFII-USDT,1295.6,1336.9,1283,1299.7,1609433.850543,1230.911399,0.32,4.2
653,YGG-USDC,0.3196,0.3302,0.3099,0.3115,219782.8994,684765.6256,-2.53,6.55
654,YGG-USDT,0.3198,0.3316,0.3096,0.3109,1351431.503546,4205632.808779,-2.78,7.11
655,YOU-BTC,0.0000000713,0.000000073,0.0000000711,0.0000000718,0,4237463,0.7,2.67
656,YOU-USDT,0.001688,0.001755,0.00166,0.00168,22363.353703,13174834.076476,-0.47,5.72
657,YOYO-USDT,0.00186,0.00194,0.001841,0.001886,19040.142633,10060104.302498,1.4,5.38
658,ZBC-USDT,0.016,0.01617,0.0146,0.01491,4209846.230964,268880385.663524,-6.81,10.75
659,ZEC-BTC,0.001872,0.00189,0.001848,0.001857,4.270179,2284.477404,-0.8,2.27
660,ZEC-ETH,0.0268,0.027,0.0264,0.0264,6.063502,226.996287,-1.49,2.27
661,ZEC-USDC,44.4,44.82,43.32,43.53,464399.275887,10518.403012,-1.96,3.46
662,ZEC-USDT,44.37,44.84,43.26,43.51,3183517.231884,72113.262295,-1.94,3.65
663,ZEN-BTC,0.000518,0.000525,0.000506,0.000512,0.41171,797.48954,-1.16,3.75
664,ZEN-USDT,12.27,12.44,11.85,11.97,799389.408723,65553.021635,-2.44,4.98
665,ZIL-BTC,0.000001343,0.000001363,0.000001314,0.000001314,1.426,1089616.475,-2.16,3.73
666,ZIL-USDC,0.03188,0.0323,0.03077,0.0308,218171.9251,6868291.2763,-3.39,4.97
667,ZIL-USDT,0.03187,0.03231,0.03075,0.03075,1123089.61512,35485121.266963,-3.51,5.07
668,ZKS-USDT,0.0828,0.0838,0.0738,0.0739,179962.167713,2314571.707977,-10.75,13.55
669,ZRX-BTC,0.00001102,0.00001427,0.000011,0.000012,4.594,369826.021,8.89,29.73
670,ZRX-USDT,0.2616,0.3239,0.2612,0.2806,5635595.555311,18818628.121376,7.26,24.0
671,ZYRO-USDT,0.00827,0.00949,0.00811,0.00854,392151.60095,44529433.030976,3.26,17.02
