Datetime,Timestamp,Open,High,Low,Close,VolumeNum,VolumeCurrency,VolumeQuote,KlineConfirm,Symbol
2021-08-25,1629820800000,0.18001,0.28,0.18001,0.25785,7012125.72279,1716941.500758,1716941.500758,1,REVV-USDT
2021-08-26,1629907200000,0.25795,0.31854,0.23501,0.29857,11869473.287522,3343357.179992,3343357.179992,1,REVV-USDT
2021-08-27,1629993600000,0.29029,0.34999,0.25517,0.29622,7482095.826075,2204543.712218,2204543.712218,1,REVV-USDT
2021-08-28,1630080000000,0.29607,0.30041,0.26863,0.27404,2888895.258509,814510.15258,814510.15258,1,REVV-USDT
2021-08-29,1630166400000,0.27404,0.28822,0.25222,0.26107,2435235.581246,645852.330519,645852.330519,1,REVV-USDT
2021-08-30,1630252800000,0.26102,0.2828,0.23111,0.2451,2318949.452496,597445.19284,597445.19284,1,REVV-USDT
2021-08-31,1630339200000,0.24508,0.25007,0.22,0.22485,2275148.76222,524878.309217,524878.309217,1,REVV-USDT
2021-09-01,1630425600000,0.22492,0.242,0.2134,0.22449,1655331.001854,373418.761862,373418.761862,1,REVV-USDT
2021-09-02,1630512000000,0.22497,0.2492,0.21472,0.22728,1821391.939369,420701.254514,420701.254514,1,REVV-USDT
2021-09-03,1630598400000,0.22737,0.245,0.21331,0.22745,1555025.427065,354758.382154,354758.382154,1,REVV-USDT
2021-09-04,1630684800000,0.22886,0.24,0.22,0.23999,555621.797335,127772.749656,127772.749656,1,REVV-USDT
2021-09-05,1630771200000,0.23817,0.23817,0.22,0.2312,394737.946524,90224.655445,90224.655445,1,REVV-USDT
2021-09-06,1630857600000,0.23119,0.23144,0.2,0.21446,653354.166901,141675.171955,141675.171955,1,REVV-USDT
2021-09-07,1630944000000,0.21425,0.21437,0.17201,0.17863,710300.986806,141136.565805,141136.565805,1,REVV-USDT
2021-09-08,1631030400000,0.17862,0.18642,0.151,0.16603,726425.299898,122560.658384,122560.658384,1,REVV-USDT
2021-09-09,1631116800000,0.166,0.17507,0.1606,0.1675,347713.119406,58321.89646,58321.89646,1,REVV-USDT
2021-09-10,1631203200000,0.1675,0.17246,0.15,0.15101,218903.6885,35391.589947,35391.589947,1,REVV-USDT
2021-09-11,1631289600000,0.15263,0.16999,0.15,0.16561,143441.375036,22888.440966,22888.440966,1,REVV-USDT
2021-09-12,1631376000000,0.16561,0.16999,0.15168,0.16394,246843.399136,39721.669749,39721.669749,1,REVV-USDT
2021-09-13,1631462400000,0.16394,0.16597,0.15453,0.15454,183537.897439,29163.004985,29163.004985,1,REVV-USDT
2021-09-14,1631548800000,0.15453,0.1676,0.15376,0.16637,333541.232117,53391.04959,53391.04959,1,REVV-USDT
2021-09-15,1631635200000,0.16699,0.19,0.16639,0.17646,500373.499606,86824.933162,86824.933162,1,REVV-USDT
2021-09-16,1631721600000,0.17646,0.1874,0.163,0.17216,574453.646297,100956.976438,100956.976438,1,REVV-USDT
2021-09-17,1631808000000,0.17215,0.17578,0.16298,0.16311,688795.825166,117820.201682,117820.201682,1,REVV-USDT
2021-09-18,1631894400000,0.16367,0.17496,0.16,0.16856,530763.090863,89686.507334,89686.507334,1,REVV-USDT
2021-09-19,1631980800000,0.16854,0.16935,0.15111,0.16117,329683.689477,54215.113852,54215.113852,1,REVV-USDT
2021-09-20,1632067200000,0.16117,0.16381,0.13644,0.1402,612432.581322,93723.208772,93723.208772,1,REVV-USDT
2021-09-21,1632153600000,0.14167,0.14396,0.13598,0.14096,272637.16154,38296.453323,38296.453323,1,REVV-USDT
2021-09-22,1632240000000,0.14065,0.14198,0.12844,0.1323,600788.420607,78631.10623,78631.10623,1,REVV-USDT
2021-09-23,1632326400000,0.13268,0.14417,0.13268,0.142,350468.100832,48769.144765,48769.144765,1,REVV-USDT
2021-09-24,1632412800000,0.142,0.14262,0.121,0.12496,432122.18066,56753.291701,56753.291701,1,REVV-USDT
2021-09-25,1632499200000,0.12516,0.134,0.12442,0.12596,532378.124512,67626.080941,67626.080941,1,REVV-USDT
2021-09-26,1632585600000,0.12591,0.12592,0.118,0.12227,334379.649056,40764.153683,40764.153683,1,REVV-USDT
2021-09-27,1632672000000,0.12227,0.127,0.11987,0.12422,195067.274716,24162.729304,24162.729304,1,REVV-USDT
2021-09-28,1632758400000,0.12403,0.127,0.12093,0.12162,251409.542931,31009.458876,31009.458876,1,REVV-USDT
2021-09-29,1632844800000,0.12162,0.12178,0.1109,0.11864,364893.519826,42875.387746,42875.387746,1,REVV-USDT
2021-09-30,1632931200000,0.11945,0.12831,0.1174,0.12831,373674.040603,45623.588105,45623.588105,1,REVV-USDT
2021-10-01,1633017600000,0.12818,0.13798,0.127,0.13561,173551.412947,22618.117403,22618.117403,1,REVV-USDT
2021-10-02,1633104000000,0.13527,0.15123,0.13527,0.14808,483129.627548,69802.770152,69802.770152,1,REVV-USDT
2021-10-03,1633190400000,0.14794,0.15117,0.1446,0.14559,255939.018945,37716.548987,37716.548987,1,REVV-USDT
2021-10-04,1633276800000,0.14488,0.163,0.14212,0.15552,659325.043936,100457.296222,100457.296222,1,REVV-USDT
2021-10-05,1633363200000,0.15685,0.15983,0.14911,0.15144,355091.551365,55387.886074,55387.886074,1,REVV-USDT
2021-10-06,1633449600000,0.15172,0.15476,0.14117,0.14245,649304.997141,96377.335886,96377.335886,1,REVV-USDT
2021-10-07,1633536000000,0.14245,0.14495,0.13958,0.14185,493126.476009,69618.039326,69618.039326,1,REVV-USDT
2021-10-08,1633622400000,0.14184,0.14732,0.14044,0.14279,543385.450635,77721.863018,77721.863018,1,REVV-USDT
2021-10-09,1633708800000,0.14279,0.14279,0.13668,0.13848,167671.71242,23514.342935,23514.342935,1,REVV-USDT
2021-10-10,1633795200000,0.13886,0.13911,0.12985,0.13098,242576.467941,32835.700421,32835.700421,1,REVV-USDT
2021-10-11,1633881600000,0.13098,0.13309,0.12702,0.1289,225345.723506,29109.0185,29109.0185,1,REVV-USDT
2021-10-12,1633968000000,0.12873,0.13285,0.12612,0.12861,420889.696639,54414.4232,54414.4232,1,REVV-USDT
2021-10-13,1634054400000,0.12888,0.134,0.12641,0.13056,500251.222105,64913.360785,64913.360785,1,REVV-USDT
2021-10-14,1634140800000,0.13055,0.145,0.12966,0.13893,894727.679607,120930.633014,120930.633014,1,REVV-USDT
2021-10-15,1634227200000,0.13887,0.14488,0.13752,0.13979,663296.760206,94141.882019,94141.882019,1,REVV-USDT
2021-10-16,1634313600000,0.13979,0.14032,0.139,0.139,76070.364796,10633.062046,10633.062046,1,REVV-USDT
2021-10-17,1634400000000,0.13893,0.14185,0.13678,0.13678,182644.113236,25256.442668,25256.442668,1,REVV-USDT
2021-10-18,1634486400000,0.13678,0.1448,0.13309,0.13322,329611.657182,45393.754973,45393.754973,1,REVV-USDT
2021-10-19,1634572800000,0.13312,0.13651,0.13131,0.13154,186129.070965,24701.148488,24701.148488,1,REVV-USDT
2021-10-20,1634659200000,0.13133,0.16053,0.13133,0.148,880905.559598,129939.20806,129939.20806,1,REVV-USDT
2021-10-21,1634745600000,0.14952,0.16791,0.14731,0.15724,818542.243106,126743.014619,126743.014619,1,REVV-USDT
2021-10-22,1634832000000,0.15709,0.16678,0.15432,0.15573,173382.977842,27548.11269,27548.11269,1,REVV-USDT
2021-10-23,1634918400000,0.15573,0.15573,0.1474,0.14953,165050.551776,24740.470349,24740.470349,1,REVV-USDT
2021-10-24,1635004800000,0.15007,0.15899,0.14434,0.1445,265353.821326,40163.036501,40163.036501,1,REVV-USDT
2021-10-25,1635091200000,0.14464,0.155,0.142,0.15003,378758.941511,55650.553033,55650.553033,1,REVV-USDT
2021-10-26,1635177600000,0.1504,0.16723,0.15033,0.15838,815899.743882,130307.70404,130307.70404,1,REVV-USDT
2021-10-27,1635264000000,0.15837,0.16743,0.15196,0.15723,324035.001593,51461.426446,51461.426446,1,REVV-USDT
2021-10-28,1635350400000,0.15685,0.16857,0.14554,0.16734,383457.911421,59931.105636,59931.105636,1,REVV-USDT
2021-10-29,1635436800000,0.16766,0.209,0.16521,0.19795,1063264.329294,197005.211887,197005.211887,1,REVV-USDT
2021-10-30,1635523200000,0.19854,0.24444,0.189,0.23309,1501429.213603,318901.379912,318901.379912,1,REVV-USDT
2021-10-31,1635609600000,0.23309,0.27999,0.21103,0.21661,1457837.343008,345828.195091,345828.195091,1,REVV-USDT
2021-11-01,1635696000000,0.21455,0.22739,0.20602,0.22,476383.011359,103778.24478,103778.24478,1,REVV-USDT
2021-11-02,1635782400000,0.22,0.27243,0.22,0.24894,1365399.423115,336062.379287,336062.379287,1,REVV-USDT
2021-11-03,1635868800000,0.24849,0.26,0.2357,0.24481,677350.873205,166301.114885,166301.114885,1,REVV-USDT
2021-11-04,1635955200000,0.24492,0.24792,0.22076,0.22154,433022.807196,103054.066767,103054.066767,1,REVV-USDT
2021-11-05,1636041600000,0.22154,0.23111,0.21501,0.22021,387618.759882,86426.489633,86426.489633,1,REVV-USDT
2021-11-06,1636128000000,0.22021,0.22492,0.20495,0.21236,359865.052815,77261.661301,77261.661301,1,REVV-USDT
2021-11-07,1636214400000,0.21225,0.23584,0.20838,0.22899,550949.472123,121841.54866,121841.54866,1,REVV-USDT
2021-11-08,1636300800000,0.22899,0.23042,0.21399,0.22013,340854.092039,75171.155598,75171.155598,1,REVV-USDT
2021-11-09,1636387200000,0.22033,0.22064,0.20388,0.20634,374957.583323,80151.973954,80151.973954,1,REVV-USDT
2021-11-10,1636473600000,0.20435,0.2053,0.19128,0.20046,354105.140207,70501.935308,70501.935308,1,REVV-USDT
2021-11-11,1636560000000,0.20009,0.20373,0.17691,0.18654,407183.545821,76245.718487,76245.718487,1,REVV-USDT
2021-11-12,1636646400000,0.1864,0.19827,0.18201,0.18445,305515.515468,58459.831182,58459.831182,1,REVV-USDT
2021-11-13,1636732800000,0.18616,0.19875,0.18432,0.19742,232301.378896,44763.796364,44763.796364,1,REVV-USDT
2021-11-14,1636819200000,0.19684,0.23955,0.19674,0.20129,434693.026198,91660.336848,91660.336848,1,REVV-USDT
2021-11-15,1636905600000,0.20129,0.22,0.20012,0.21142,431296.634794,89155.222477,89155.222477,1,REVV-USDT
2021-11-16,1636992000000,0.21076,0.24884,0.2,0.22313,1422096.395914,314471.959298,314471.959298,1,REVV-USDT
2021-11-17,1637078400000,0.2226,0.22333,0.20313,0.20386,383026.131218,80896.085312,80896.085312,1,REVV-USDT
2021-11-18,1637164800000,0.20364,0.33998,0.20218,0.29516,1760621.965516,435855.318354,435855.318354,1,REVV-USDT
2021-11-19,1637251200000,0.29017,0.30519,0.21,0.26465,4521192.208093,1119681.078763,1119681.078763,1,REVV-USDT
2021-11-20,1637337600000,0.26465,0.34001,0.25837,0.28099,2585979.584596,787019.035288,787019.035288,1,REVV-USDT
2021-11-21,1637424000000,0.2805,0.34195,0.272,0.28144,1991539.235311,598166.30716,598166.30716,1,REVV-USDT
2021-11-22,1637510400000,0.28147,0.3167,0.2662,0.28335,1012777.394048,288493.400597,288493.400597,1,REVV-USDT
2021-11-23,1637596800000,0.28336,0.32,0.26878,0.30333,1316817.167381,381337.479976,381337.479976,1,REVV-USDT
2021-11-24,1637683200000,0.30327,0.38666,0.2986,0.38058,1799273.236038,630052.394685,630052.394685,1,REVV-USDT
2021-11-25,1637769600000,0.3806,0.48,0.35564,0.39922,3140164.600098,1297923.294486,1297923.294486,1,REVV-USDT
2021-11-26,1637856000000,0.4,0.47,0.2916,0.32625,5512707.55414,1859357.351673,1859357.351673,1,REVV-USDT
2021-11-27,1637942400000,0.32845,0.35197,0.30601,0.33366,691690.239263,224054.031511,224054.031511,1,REVV-USDT
2021-11-28,1638028800000,0.33396,0.35192,0.251,0.30777,1061203.220422,322213.584333,322213.584333,1,REVV-USDT
2021-11-29,1638115200000,0.30779,0.35982,0.30285,0.33452,1074605.256134,354042.620369,354042.620369,1,REVV-USDT
2021-11-30,1638201600000,0.33452,0.41,0.32375,0.33359,965440.37172,332929.734005,332929.734005,1,REVV-USDT
2021-12-01,1638288000000,0.33359,0.33486,0.29786,0.29911,530953.646625,167031.775557,167031.775557,1,REVV-USDT
2021-12-02,1638374400000,0.2991,0.30554,0.26189,0.27533,636592.97528,179374.835297,179374.835297,1,REVV-USDT
2021-12-03,1638460800000,0.27532,0.30332,0.25844,0.26386,701934.291738,192314.13441,192314.13441,1,REVV-USDT
2021-12-04,1638547200000,0.26386,0.26386,0.17696,0.22592,929213.753858,205805.432641,205805.432641,1,REVV-USDT
2021-12-05,1638633600000,0.22625,0.23999,0.216,0.21601,342654.903351,79132.385922,79132.385922,1,REVV-USDT
2021-12-06,1638720000000,0.216,0.22235,0.19076,0.19686,514217.607427,105299.314393,105299.314393,1,REVV-USDT
2021-12-07,1638806400000,0.19874,0.22999,0.19863,0.2194,659507.581129,142014.716854,142014.716854,1,REVV-USDT
2021-12-08,1638892800000,0.21938,0.22433,0.19928,0.21446,294283.173475,63222.250233,63222.250233,1,REVV-USDT
2021-12-09,1638979200000,0.21446,0.24232,0.20472,0.207,624146.261672,135056.174247,135056.174247,1,REVV-USDT
2021-12-10,1639065600000,0.207,0.20939,0.18509,0.1942,359940.026002,69581.367862,69581.367862,1,REVV-USDT
2021-12-11,1639152000000,0.1942,0.19536,0.17697,0.19306,298067.131177,55588.941461,55588.941461,1,REVV-USDT
2021-12-12,1639238400000,0.19301,0.19472,0.18452,0.18626,410998.914636,78650.854113,78650.854113,1,REVV-USDT
2021-12-13,1639324800000,0.18626,0.19146,0.17,0.17,325795.318513,59928.140599,59928.140599,1,REVV-USDT
2021-12-14,1639411200000,0.17052,0.176,0.15358,0.16024,292432.677086,48195.338046,48195.338046,1,REVV-USDT
2021-12-15,1639497600000,0.15969,0.16912,0.15715,0.15926,365846.475344,59526.84151,59526.84151,1,REVV-USDT
2021-12-16,1639584000000,0.15909,0.18487,0.15037,0.17206,756305.41211,126516.16234,126516.16234,1,REVV-USDT
2021-12-17,1639670400000,0.17183,0.17443,0.15612,0.16019,226368.722587,37522.292566,37522.292566,1,REVV-USDT
2021-12-18,1639756800000,0.16019,0.1759,0.15865,0.16751,247289.50026,40431.628485,40431.628485,1,REVV-USDT
2021-12-19,1639843200000,0.16751,0.16908,0.165,0.16681,78722.911153,13146.534826,13146.534826,1,REVV-USDT
2021-12-20,1639929600000,0.16729,0.16808,0.15194,0.15688,235163.311321,37662.562292,37662.562292,1,REVV-USDT
2021-12-21,1640016000000,0.15657,0.17025,0.15538,0.16527,187504.201542,30190.745239,30190.745239,1,REVV-USDT
2021-12-22,1640102400000,0.16512,0.16566,0.15936,0.16275,178685.403529,29103.249666,29103.249666,1,REVV-USDT
2021-12-23,1640188800000,0.16219,0.16415,0.15498,0.16084,261851.41412,42032.405227,42032.405227,1,REVV-USDT
2021-12-24,1640275200000,0.16166,0.18136,0.16166,0.17684,410384.451689,72503.215107,72503.215107,1,REVV-USDT
2021-12-25,1640361600000,0.17683,0.17852,0.16639,0.17746,248688.712767,43109.720366,43109.720366,1,REVV-USDT
2021-12-26,1640448000000,0.17695,0.17888,0.17327,0.17582,131646.411682,23233.512306,23233.512306,1,REVV-USDT
2021-12-27,1640534400000,0.17557,0.18809,0.17086,0.18001,290606.631931,51823.352304,51823.352304,1,REVV-USDT
2021-12-28,1640620800000,0.18015,0.18312,0.16629,0.16749,182452.787548,31865.806133,31865.806133,1,REVV-USDT
2021-12-29,1640707200000,0.16729,0.16735,0.1604,0.161,130081.204709,21297.280308,21297.280308,1,REVV-USDT
2021-12-30,1640793600000,0.161,0.16204,0.15573,0.15685,107146.003318,17003.263337,17003.263337,1,REVV-USDT
2021-12-31,1640880000000,0.15743,0.15859,0.15201,0.15608,144670.562173,22415.605496,22415.605496,1,REVV-USDT
2022-01-01,1640966400000,0.15495,0.15672,0.15013,0.15671,92760.070409,14235.457885,14235.457885,1,REVV-USDT
2022-01-02,1641052800000,0.15721,0.15961,0.15165,0.1538,199896.047321,31193.345859,31193.345859,1,REVV-USDT
2022-01-03,1641139200000,0.15321,0.157,0.15321,0.15471,149608.929268,23215.840331,23215.840331,1,REVV-USDT
2022-01-04,1641225600000,0.15471,0.15475,0.1506,0.1539,95866.594162,14637.754558,14637.754558,1,REVV-USDT
2022-01-05,1641312000000,0.1539,0.21,0.14438,0.14842,1006288.917153,161167.020646,161167.020646,1,REVV-USDT
2022-01-06,1641398400000,0.14842,0.14932,0.12337,0.13448,593163.107277,79999.798163,79999.798163,1,REVV-USDT
2022-01-07,1641484800000,0.13466,0.13724,0.12399,0.12964,226370.472226,30045.375664,30045.375664,1,REVV-USDT
2022-01-08,1641571200000,0.12966,0.13212,0.12859,0.13118,129765.475045,16876.028925,16876.028925,1,REVV-USDT
2022-01-09,1641657600000,0.13118,0.13163,0.12081,0.12121,165489.662666,21151.336669,21151.336669,1,REVV-USDT
2022-01-10,1641744000000,0.12163,0.12751,0.111,0.11234,179672.832464,21915.241279,21915.241279,1,REVV-USDT
2022-01-11,1641830400000,0.11235,0.12052,0.10849,0.12034,157412.00945,18172.128511,18172.128511,1,REVV-USDT
2022-01-12,1641916800000,0.12015,0.1274,0.11828,0.12604,212302.795642,26010.120508,26010.120508,1,REVV-USDT
2022-01-13,1642003200000,0.126,0.13104,0.12365,0.12751,175409.018997,22448.363454,22448.363454,1,REVV-USDT
2022-01-14,1642089600000,0.12736,0.12874,0.1237,0.12558,64257.726562,8155.845394,8155.845394,1,REVV-USDT
2022-01-15,1642176000000,0.12513,0.12613,0.12053,0.12467,161160.813014,19890.515823,19890.515823,1,REVV-USDT
2022-01-16,1642262400000,0.12453,0.13187,0.12,0.12515,177699.888798,22386.282591,22386.282591,1,REVV-USDT
2022-01-17,1642348800000,0.12592,0.12627,0.1209,0.1219,98923.470301,12236.38783,12236.38783,1,REVV-USDT
2022-01-18,1642435200000,0.12211,0.12211,0.11518,0.11658,61143.616928,7272.852875,7272.852875,1,REVV-USDT
2022-01-19,1642521600000,0.11503,0.1172,0.1078,0.11323,222829.589407,25041.793405,25041.793405,1,REVV-USDT
2022-01-20,1642608000000,0.1131,0.118,0.10894,0.11232,412700.544287,46296.487907,46296.487907,1,REVV-USDT
2022-01-21,1642694400000,0.11346,0.11507,0.09906,0.10191,481362.810284,51686.114515,51686.114515,1,REVV-USDT
2022-01-22,1642780800000,0.10273,0.10683,0.08422,0.08539,357179.869215,34024.909409,34024.909409,1,REVV-USDT
2022-01-23,1642867200000,0.08456,0.0908,0.082,0.08788,227278.734002,19753.804057,19753.804057,1,REVV-USDT
2022-01-24,1642953600000,0.08821,0.08906,0.07695,0.08639,514947.790055,43109.116169,43109.116169,1,REVV-USDT
2022-01-25,1643040000000,0.08607,0.09569,0.08607,0.09203,293681.039629,26294.6299,26294.6299,1,REVV-USDT
2022-01-26,1643126400000,0.0923,0.09518,0.09023,0.09438,150557.514422,13944.483521,13944.483521,1,REVV-USDT
2022-01-27,1643212800000,0.09423,0.09546,0.0859,0.09222,64221.474029,5807.91754,5807.91754,1,REVV-USDT
2022-01-28,1643299200000,0.09231,0.09353,0.08898,0.09151,279484.585055,25382.813745,25382.813745,1,REVV-USDT
2022-01-29,1643385600000,0.09131,0.10157,0.09118,0.10099,172393.292176,16501.42543,16501.42543,1,REVV-USDT
2022-01-30,1643472000000,0.10099,0.1106,0.09957,0.10573,237338.96581,24947.837641,24947.837641,1,REVV-USDT
2022-01-31,1643558400000,0.10572,0.10572,0.09619,0.10371,342610.588069,34871.370312,34871.370312,1,REVV-USDT
2022-02-01,1643644800000,0.10363,0.10847,0.10362,0.10826,150903.786305,16137.18983,16137.18983,1,REVV-USDT
2022-02-02,1643731200000,0.10834,0.1085,0.10301,0.10301,72225.632481,7708.729351,7708.729351,1,REVV-USDT
2022-02-03,1643817600000,0.10356,0.10519,0.10048,0.10084,143349.224473,14876.527267,14876.527267,1,REVV-USDT
2022-02-04,1643904000000,0.10052,0.10477,0.099,0.10445,91957.994204,9311.827653,9311.827653,1,REVV-USDT
2022-02-05,1643990400000,0.10426,0.11399,0.10426,0.1092,117208.575461,12556.38663,12556.38663,1,REVV-USDT
2022-02-06,1644076800000,0.10904,0.11745,0.10827,0.11333,127387.109595,14167.533349,14167.533349,1,REVV-USDT
2022-02-07,1644163200000,0.11333,0.11336,0.10808,0.11259,113587.008852,12532.275135,12532.275135,1,REVV-USDT
2022-02-08,1644249600000,0.11275,0.126,0.11092,0.11149,262597.054076,30317.738077,30317.738077,1,REVV-USDT
2022-02-09,1644336000000,0.11149,0.11494,0.11035,0.11388,185889.104829,20893.112362,20893.112362,1,REVV-USDT
2022-02-10,1644422400000,0.11357,0.11795,0.11319,0.11514,138665.08339,15983.593053,15983.593053,1,REVV-USDT
2022-02-11,1644508800000,0.11458,0.11669,0.109,0.11107,66909.80943,7573.528685,7573.528685,1,REVV-USDT
2022-02-12,1644595200000,0.11107,0.11146,0.10204,0.10336,66583.972743,7090.216697,7090.216697,1,REVV-USDT
2022-02-13,1644681600000,0.10292,0.10511,0.10049,0.10138,393518.81324,40531.860538,40531.860538,1,REVV-USDT
2022-02-14,1644768000000,0.10153,0.10262,0.09494,0.09865,222490.092958,21651.391486,21651.391486,1,REVV-USDT
2022-02-15,1644854400000,0.0987,0.10187,0.09661,0.10167,122431.252037,12183.585369,12183.585369,1,REVV-USDT
2022-02-16,1644940800000,0.10168,0.10322,0.098,0.10019,114875.961378,11657.756438,11657.756438,1,REVV-USDT
2022-02-17,1645027200000,0.10017,0.10069,0.09829,0.09862,38352.354141,3812.431722,3812.431722,1,REVV-USDT
2022-02-18,1645113600000,0.09848,0.106,0.08974,0.09673,556533.560893,54490.641823,54490.641823,1,REVV-USDT
2022-02-19,1645200000000,0.09673,0.10201,0.09303,0.0942,406462.417649,39683.741243,39683.741243,1,REVV-USDT
2022-02-20,1645286400000,0.09459,0.09506,0.08957,0.09099,101697.347403,9464.736037,9464.736037,1,REVV-USDT
2022-02-21,1645372800000,0.09112,0.09153,0.08972,0.08972,165525.775941,14965.059514,14965.059514,1,REVV-USDT
2022-02-22,1645459200000,0.09001,0.09001,0.08242,0.08776,385286.435163,32815.448223,32815.448223,1,REVV-USDT
2022-02-23,1645545600000,0.08736,0.08963,0.08688,0.08867,74522.93957,6588.787044,6588.787044,1,REVV-USDT
2022-02-24,1645632000000,0.08951,0.09053,0.0825,0.09052,827415.680655,72590.728533,72590.728533,1,REVV-USDT
2022-02-25,1645718400000,0.09053,0.09508,0.08831,0.09508,476293.373868,43875.872253,43875.872253,1,REVV-USDT
2022-02-26,1645804800000,0.09509,0.09837,0.09397,0.09762,49419.204862,4734.85225,4734.85225,1,REVV-USDT
2022-02-27,1645891200000,0.09764,0.09866,0.09519,0.09678,91509.017252,8854.078092,8854.078092,1,REVV-USDT
2022-02-28,1645977600000,0.09679,0.09679,0.09116,0.09568,134705.313454,12739.615179,12739.615179,1,REVV-USDT
2022-03-01,1646064000000,0.09575,0.09967,0.09534,0.09856,108794.805129,10614.183074,10614.183074,1,REVV-USDT
2022-03-02,1646150400000,0.09875,0.10542,0.09875,0.10154,322899.94928,32558.137813,32558.137813,1,REVV-USDT
2022-03-03,1646236800000,0.10152,0.10416,0.09772,0.09858,194616.318658,19537.142449,19537.142449,1,REVV-USDT
2022-03-04,1646323200000,0.09855,0.09884,0.09441,0.09502,158457.603766,15200.464515,15200.464515,1,REVV-USDT
2022-03-05,1646409600000,0.09488,0.09519,0.09034,0.09213,98906.202919,9261.333949,9261.333949,1,REVV-USDT
2022-03-06,1646496000000,0.09213,0.09357,0.08951,0.09082,38005.564942,3476.319922,3476.319922,1,REVV-USDT
2022-03-07,1646582400000,0.09088,0.09095,0.08642,0.08837,78546.095398,6923.583743,6923.583743,1,REVV-USDT
2022-03-08,1646668800000,0.08848,0.08862,0.0866,0.08779,109037.72695,9566.821467,9566.821467,1,REVV-USDT
2022-03-09,1646755200000,0.08779,0.09284,0.08744,0.09134,344868.815864,31034.542593,31034.542593,1,REVV-USDT
2022-03-10,1646841600000,0.09123,0.0927,0.08673,0.09178,347343.225002,31209.481255,31209.481255,1,REVV-USDT
2022-03-11,1646928000000,0.09165,0.0922,0.09099,0.09214,56589.590629,5181.126269,5181.126269,1,REVV-USDT
2022-03-12,1647014400000,0.09167,0.09185,0.09094,0.09098,69275.235212,6330.376949,6330.376949,1,REVV-USDT
2022-03-13,1647100800000,0.09112,0.09145,0.09028,0.09028,72571.202876,6603.312772,6603.312772,1,REVV-USDT
2022-03-14,1647187200000,0.09021,0.09021,0.08855,0.08868,66550.281663,5932.271812,5932.271812,1,REVV-USDT
2022-03-15,1647273600000,0.08857,0.142,0.08856,0.1004,3683279.865453,396665.184321,396665.184321,1,REVV-USDT
2022-03-16,1647360000000,0.10011,0.10904,0.09917,0.10133,1005562.049266,103415.193769,103415.193769,1,REVV-USDT
2022-03-17,1647446400000,0.10126,0.10598,0.0997,0.10288,127731.519468,13142.969644,13142.969644,1,REVV-USDT
2022-03-18,1647532800000,0.10287,0.10358,0.10014,0.10014,86616.401942,8835.596548,8835.596548,1,REVV-USDT
2022-03-19,1647619200000,0.10029,0.10297,0.10027,0.10236,160779.878576,16352.00619,16352.00619,1,REVV-USDT
2022-03-20,1647705600000,0.1025,0.10354,0.10008,0.10008,72328.419479,7410.185958,7410.185958,1,REVV-USDT
2022-03-21,1647792000000,0.10051,0.10086,0.09856,0.10017,138762.839529,13853.552785,13853.552785,1,REVV-USDT
2022-03-22,1647878400000,0.10013,0.10257,0.09976,0.10197,48057.377893,4864.439774,4864.439774,1,REVV-USDT
2022-03-23,1647964800000,0.101,0.10312,0.101,0.10223,48056.114834,4914.49509,4914.49509,1,REVV-USDT
2022-03-24,1648051200000,0.10225,0.10412,0.10136,0.10366,1508538.679148,155700.561483,155700.561483,1,REVV-USDT
2022-03-25,1648137600000,0.1036,0.11319,0.10356,0.1073,3591355.983268,387894.246464,387894.246464,1,REVV-USDT
2022-03-26,1648224000000,0.10732,0.10732,0.10489,0.10554,3351846.101049,353613.063103,353613.063103,1,REVV-USDT
2022-03-27,1648310400000,0.10552,0.11087,0.1045,0.10692,3523974.282707,372228.882191,372228.882191,1,REVV-USDT
2022-03-28,1648396800000,0.10691,0.11322,0.10581,0.11125,3588990.358869,388524.20221,388524.20221,1,REVV-USDT
2022-03-29,1648483200000,0.11125,0.11638,0.10983,0.11109,3047512.571021,339216.483041,339216.483041,1,REVV-USDT
2022-03-30,1648569600000,0.11092,0.11193,0.10567,0.11006,2749567.169784,299089.557338,299089.557338,1,REVV-USDT
2022-03-31,1648656000000,0.11009,0.11551,0.10948,0.11385,3694822.759054,415429.9425,415429.9425,1,REVV-USDT
2022-04-01,1648742400000,0.11385,0.11386,0.1071,0.11009,3871920.771642,423500.154973,423500.154973,1,REVV-USDT
2022-04-02,1648828800000,0.11022,0.12541,0.10977,0.11696,2969649.607504,336873.908862,336873.908862,1,REVV-USDT
2022-04-03,1648915200000,0.11689,0.11876,0.11292,0.11353,4145020.764502,476418.073872,476418.073872,1,REVV-USDT
2022-04-04,1649001600000,0.11338,0.11406,0.11081,0.11081,4273403.991688,481120.911017,481120.911017,1,REVV-USDT
2022-04-05,1649088000000,0.11083,0.11214,0.1079,0.1094,4501160.586366,494198.602797,494198.602797,1,REVV-USDT
2022-04-06,1649174400000,0.1094,0.10964,0.10179,0.10182,4880875.855289,514482.68608,514482.68608,1,REVV-USDT
2022-04-07,1649260800000,0.10183,0.10306,0.0965,0.09825,5509614.454872,544323.674629,544323.674629,1,REVV-USDT
2022-04-08,1649347200000,0.0983,0.09868,0.09569,0.0965,6188179.941014,601299.284618,601299.284618,1,REVV-USDT
2022-04-09,1649433600000,0.09643,0.09717,0.09378,0.0942,6417745.24654,610155.667448,610155.667448,1,REVV-USDT
2022-04-10,1649520000000,0.09416,0.09502,0.09262,0.0928,6924726.687378,650993.281226,650993.281226,1,REVV-USDT
2022-04-11,1649606400000,0.09262,0.0934,0.0881,0.08861,6806721.049957,619907.623285,619907.623285,1,REVV-USDT
2022-04-12,1649692800000,0.08854,0.09426,0.08231,0.0889,8525634.462907,726562.144549,726562.144549,1,REVV-USDT
2022-04-13,1649779200000,0.08889,0.09202,0.08764,0.08972,6563399.916376,580878.153425,580878.153425,1,REVV-USDT
2022-04-14,1649865600000,0.08951,0.09238,0.08827,0.09106,6866321.670713,624500.393533,624500.393533,1,REVV-USDT
2022-04-15,1649952000000,0.0909,0.09114,0.0875,0.08777,6870833.56301,609706.868881,609706.868881,1,REVV-USDT
2022-04-16,1650038400000,0.08777,0.08959,0.08688,0.0872,7719687.085037,678412.859303,678412.859303,1,REVV-USDT
2022-04-17,1650124800000,0.08719,0.0879,0.08518,0.08535,8060120.463815,693358.580633,693358.580633,1,REVV-USDT
2022-04-18,1650211200000,0.08538,0.08613,0.08104,0.08202,8401439.572145,703367.864099,703367.864099,1,REVV-USDT
2022-04-19,1650297600000,0.0821,0.08526,0.08147,0.08473,8080980.523766,677996.706613,677996.706613,1,REVV-USDT
2022-04-20,1650384000000,0.0848,0.08645,0.08398,0.08621,7610638.853575,649198.382793,649198.382793,1,REVV-USDT
2022-04-21,1650470400000,0.08623,0.09015,0.08513,0.08541,7791069.969833,666719.993143,666719.993143,1,REVV-USDT
2022-04-22,1650556800000,0.08504,0.08593,0.08001,0.08001,16654241.921013,1384271.982288,1384271.982288,1,REVV-USDT
2022-04-23,1650643200000,0.08001,0.08129,0.07992,0.08047,28618473.491342,2307409.421796,2307409.421796,1,REVV-USDT
2022-04-24,1650729600000,0.08047,0.08178,0.0794,0.08005,32355069.74211,2605394.955784,2605394.955784,1,REVV-USDT
2022-04-25,1650816000000,0.08004,0.0806,0.07448,0.07573,37700283.600744,2942166.750441,2942166.750441,1,REVV-USDT
2022-04-26,1650902400000,0.07574,0.07705,0.07453,0.07458,38607777.712559,2940967.156679,2940967.156679,1,REVV-USDT
2022-04-27,1650988800000,0.07459,0.07468,0.07189,0.07276,41684215.988993,3048491.356938,3048491.356938,1,REVV-USDT
2022-04-28,1651075200000,0.07276,0.07337,0.07104,0.07164,34652940.136801,2505278.747554,2505278.747554,1,REVV-USDT
2022-04-29,1651161600000,0.07167,0.07231,0.06978,0.06982,38789490.61482,2758162.049971,2758162.049971,1,REVV-USDT
2022-04-30,1651248000000,0.06984,0.07413,0.06909,0.07302,46029395.67255,3251375.366976,3251375.366976,1,REVV-USDT
2022-05-01,1651334400000,0.07304,0.07304,0.06567,0.06941,48150886.387213,3304031.979879,3304031.979879,1,REVV-USDT
2022-05-02,1651420800000,0.06926,0.07032,0.0613,0.06184,48181556.884712,3271522.536071,3271522.536071,1,REVV-USDT
2022-05-03,1651507200000,0.06185,0.07186,0.05987,0.06613,28256805.518989,1731760.694894,1731760.694894,1,REVV-USDT
2022-05-04,1651593600000,0.06608,0.0661,0.06249,0.06249,978990.555843,63435.393881,63435.393881,1,REVV-USDT
2022-05-05,1651680000000,0.06231,0.06325,0.05949,0.05949,774832.641143,48178.428272,48178.428272,1,REVV-USDT
2022-05-06,1651766400000,0.05947,0.05947,0.05401,0.05552,3388293.888564,189642.394355,189642.394355,1,REVV-USDT
2022-05-07,1651852800000,0.05552,0.0558,0.05441,0.05502,4790186.507106,264461.085654,264461.085654,1,REVV-USDT
2022-05-08,1651939200000,0.055,0.05505,0.05207,0.05228,7813750.472509,415508.13696,415508.13696,1,REVV-USDT
2022-05-09,1652025600000,0.05221,0.05244,0.04854,0.04897,8647258.656127,436845.361632,436845.361632,1,REVV-USDT
2022-05-10,1652112000000,0.04896,0.049,0.04408,0.04671,6019856.589334,279541.035764,279541.035764,1,REVV-USDT
2022-05-11,1652198400000,0.04666,0.04764,0.03552,0.03963,7890929.917994,346965.302278,346965.302278,1,REVV-USDT
2022-05-12,1652284800000,0.03971,0.03971,0.02053,0.03403,8947977.498059,306244.627074,306244.627074,1,REVV-USDT
2022-05-13,1652371200000,0.03401,0.0374,0.031,0.03437,5740887.533797,196197.377828,196197.377828,1,REVV-USDT
2022-05-14,1652457600000,0.03447,0.03453,0.02875,0.02924,6972904.726774,218310.760953,218310.760953,1,REVV-USDT
2022-05-15,1652544000000,0.02924,0.03108,0.02917,0.02977,6417982.467789,192496.934773,192496.934773,1,REVV-USDT
2022-05-16,1652630400000,0.02976,0.03068,0.02891,0.02911,774720.827504,23125.72356,23125.72356,1,REVV-USDT
2022-05-17,1652716800000,0.02911,0.03011,0.02892,0.02944,8438663.910035,250549.221035,250549.221035,1,REVV-USDT
2022-05-18,1652803200000,0.02946,0.02994,0.02782,0.02802,15436151.240011,455091.612442,455091.612442,1,REVV-USDT
2022-05-19,1652889600000,0.02795,0.02918,0.02666,0.0289,15992115.462164,442085.557656,442085.557656,1,REVV-USDT
2022-05-20,1652976000000,0.02886,0.03001,0.0279,0.028,15792557.072601,456851.295245,456851.295245,1,REVV-USDT
2022-05-21,1653062400000,0.028,0.0291,0.02706,0.0288,15342471.429896,425097.955542,425097.955542,1,REVV-USDT
2022-05-22,1653148800000,0.02874,0.03036,0.02854,0.02941,15936453.343101,465088.849849,465088.849849,1,REVV-USDT
2022-05-23,1653235200000,0.0294,0.03157,0.02897,0.0305,15075346.187213,453994.324274,453994.324274,1,REVV-USDT
2022-05-24,1653321600000,0.0305,0.03056,0.02828,0.02857,13781642.525993,405559.615689,405559.615689,1,REVV-USDT
2022-05-25,1653408000000,0.02858,0.02957,0.02829,0.02876,14149491.358257,408126.495348,408126.495348,1,REVV-USDT
2022-05-26,1653494400000,0.02875,0.03006,0.02788,0.02839,15035232.225863,435945.03957,435945.03957,1,REVV-USDT
2022-05-27,1653580800000,0.02842,0.02866,0.02689,0.02696,17694520.763974,489164.529269,489164.529269,1,REVV-USDT
2022-05-28,1653667200000,0.02694,0.02729,0.02622,0.02716,14423549.121068,386990.321971,386990.321971,1,REVV-USDT
2022-05-29,1653753600000,0.02713,0.0274,0.02648,0.02715,19234370.243447,517560.005977,517560.005977,1,REVV-USDT
2022-05-30,1653840000000,0.02714,0.0291,0.02678,0.02851,15586904.697238,440256.038207,440256.038207,1,REVV-USDT
2022-05-31,1653926400000,0.02851,0.02964,0.02828,0.02844,18710897.210819,538299.533389,538299.533389,1,REVV-USDT
2022-06-01,1654012800000,0.02844,0.02848,0.02699,0.02699,19241744.569359,539012.42609,539012.42609,1,REVV-USDT
2022-06-02,1654099200000,0.02699,0.02704,0.0253,0.02615,7800499.622383,202535.07932,202535.07932,1,REVV-USDT
2022-06-03,1654185600000,0.02622,0.02658,0.02577,0.02577,131589.807596,3466.358298,3466.358298,1,REVV-USDT
2022-06-04,1654272000000,0.02583,0.02738,0.02571,0.02657,810704.001971,21640.028633,21640.028633,1,REVV-USDT
2022-06-05,1654358400000,0.02661,0.02829,0.02661,0.02794,873312.398238,23778.759964,23778.759964,1,REVV-USDT
2022-06-06,1654444800000,0.02808,0.0284,0.02711,0.0284,1241930.581375,34697.374018,34697.374018,1,REVV-USDT
2022-06-07,1654531200000,0.0284,0.0284,0.02609,0.02621,579811.753949,15798.335169,15798.335169,1,REVV-USDT
2022-06-08,1654617600000,0.02626,0.03084,0.02625,0.02841,1174998.013355,32610.975185,32610.975185,1,REVV-USDT
2022-06-09,1654704000000,0.02828,0.02828,0.02696,0.02726,702893.687376,19339.705391,19339.705391,1,REVV-USDT
2022-06-10,1654790400000,0.02715,0.02716,0.02571,0.02571,480018.724727,12774.471554,12774.471554,1,REVV-USDT
2022-06-11,1654876800000,0.02569,0.02569,0.02345,0.02347,458925.034642,11309.520518,11309.520518,1,REVV-USDT
2022-06-12,1654963200000,0.02341,0.02347,0.02162,0.02185,426998.593184,9554.043734,9554.043734,1,REVV-USDT
2022-06-13,1655049600000,0.02185,0.02219,0.01683,0.01719,722419.307624,13418.275348,13418.275348,1,REVV-USDT
2022-06-14,1655136000000,0.01713,0.01777,0.016,0.01672,1531275.138399,25977.578343,25977.578343,1,REVV-USDT
2022-06-15,1655222400000,0.01672,0.01683,0.01537,0.01592,814256.376631,13257.952572,13257.952572,1,REVV-USDT
2022-06-16,1655308800000,0.01582,0.019,0.01567,0.01659,3354600.0731,58451.881829,58451.881829,1,REVV-USDT
2022-06-17,1655395200000,0.01661,0.01819,0.01589,0.01645,4631804.273993,77378.7216,77378.7216,1,REVV-USDT
2022-06-18,1655481600000,0.01647,0.01664,0.01565,0.01569,750362.66564,12240.79972,12240.79972,1,REVV-USDT
2022-06-19,1655568000000,0.01564,0.01564,0.01394,0.01532,955951.622203,14045.868197,14045.868197,1,REVV-USDT
2022-06-20,1655654400000,0.01529,0.01641,0.01529,0.01635,568429.977773,9013.132962,9013.132962,1,REVV-USDT
2022-06-21,1655740800000,0.0163,0.01703,0.0161,0.01681,794916.684836,13191.465853,13191.465853,1,REVV-USDT
2022-06-22,1655827200000,0.01677,0.01697,0.0162,0.01664,1028189.9988,16899.132798,16899.132798,1,REVV-USDT
2022-06-23,1655913600000,0.01664,0.01675,0.01611,0.01655,802116.514922,13164.147696,13164.147696,1,REVV-USDT
2022-06-24,1656000000000,0.01653,0.02325,0.0165,0.01835,47291528.262132,869002.898954,869002.898954,1,REVV-USDT
2022-06-25,1656086400000,0.0182,0.03,0.01763,0.01842,40931446.259408,782102.70696,782102.70696,1,REVV-USDT
2022-06-26,1656172800000,0.01844,0.02698,0.01787,0.01955,11213896.952091,230321.042486,230321.042486,1,REVV-USDT
2022-06-27,1656259200000,0.01958,0.03195,0.01888,0.01958,23573045.844417,535239.430825,535239.430825,1,REVV-USDT
2022-06-28,1656345600000,0.01958,0.01972,0.01922,0.01931,656523.128341,12772.940967,12772.940967,1,REVV-USDT
2022-06-29,1656432000000,0.01929,0.0197,0.01881,0.01886,4173773.539369,80505.278858,80505.278858,1,REVV-USDT
2022-06-30,1656518400000,0.01882,0.01887,0.01759,0.01773,607322.079385,11186.537977,11186.537977,1,REVV-USDT
2022-07-01,1656604800000,0.0178,0.01869,0.01754,0.01836,744614.296288,13474.626711,13474.626711,1,REVV-USDT
2022-07-02,1656691200000,0.0184,0.01846,0.01787,0.018,280776.406217,5097.470359,5097.470359,1,REVV-USDT
2022-07-03,1656777600000,0.01794,0.01811,0.01784,0.01797,88240.124986,1586.175844,1586.175844,1,REVV-USDT
2022-07-04,1656864000000,0.01797,0.0184,0.01788,0.0184,324795.783605,5900.843505,5900.843505,1,REVV-USDT
2022-07-05,1656950400000,0.01838,0.01903,0.0164,0.01653,1868814.056564,33548.939725,33548.939725,1,REVV-USDT
2022-07-06,1657036800000,0.01655,0.01938,0.01651,0.01795,2188305.263879,39586.567463,39586.567463,1,REVV-USDT
2022-07-07,1657123200000,0.01798,0.01798,0.01716,0.01748,695837.734947,12212.411598,12212.411598,1,REVV-USDT
2022-07-08,1657209600000,0.01748,0.02186,0.01678,0.01715,7667863.548858,140110.122353,140110.122353,1,REVV-USDT
2022-07-09,1657296000000,0.0173,0.01732,0.01663,0.01691,1233867.859555,20821.92296,20821.92296,1,REVV-USDT
2022-07-10,1657382400000,0.01692,0.01727,0.01641,0.01641,994871.251362,16913.57162,16913.57162,1,REVV-USDT
2022-07-11,1657468800000,0.01639,0.02486,0.01607,0.0166,36768644.906349,692538.036655,692538.036655,1,REVV-USDT
2022-07-12,1657555200000,0.01665,0.01714,0.01549,0.0158,2435329.564625,39462.658723,39462.658723,1,REVV-USDT
2022-07-13,1657641600000,0.01584,0.01587,0.01472,0.01511,734228.32625,11146.56875,11146.56875,1,REVV-USDT
2022-07-14,1657728000000,0.01511,0.0158,0.01504,0.0158,657955.673075,10219.479593,10219.479593,1,REVV-USDT
2022-07-15,1657814400000,0.0158,0.01701,0.01579,0.0168,895110.753245,14823.152567,14823.152567,1,REVV-USDT
2022-07-16,1657900800000,0.01677,0.01688,0.01659,0.01671,460649.503265,7698.588706,7698.588706,1,REVV-USDT
2022-07-17,1657987200000,0.01674,0.01845,0.01671,0.01791,1263546.755274,22270.172458,22270.172458,1,REVV-USDT
2022-07-18,1658073600000,0.01775,0.01852,0.01732,0.01847,658600.516695,11613.99394,11613.99394,1,REVV-USDT
2022-07-19,1658160000000,0.0185,0.01896,0.01806,0.01896,574801.814416,10640.301924,10640.301924,1,REVV-USDT
2022-07-20,1658246400000,0.01885,0.0197,0.01885,0.01969,453890.641722,8707.860346,8707.860346,1,REVV-USDT
2022-07-21,1658332800000,0.01969,0.0197,0.01879,0.01897,335128.183596,6388.064862,6388.064862,1,REVV-USDT
2022-07-22,1658419200000,0.01896,0.01974,0.01896,0.01945,247303.164354,4771.700223,4771.700223,1,REVV-USDT
2022-07-23,1658505600000,0.01945,0.01958,0.01902,0.01903,221903.182616,4293.634646,4293.634646,1,REVV-USDT
2022-07-24,1658592000000,0.01901,0.01938,0.01881,0.01925,196896.759706,3748.381529,3748.381529,1,REVV-USDT
2022-07-25,1658678400000,0.01926,0.01928,0.01856,0.01861,322764.396955,6111.844566,6111.844566,1,REVV-USDT
2022-07-26,1658764800000,0.01856,0.01858,0.01735,0.01737,295809.630194,5332.135911,5332.135911,1,REVV-USDT
2022-07-27,1658851200000,0.01723,0.01785,0.01722,0.01784,450740.218481,7883.516446,7883.516446,1,REVV-USDT
2022-07-28,1658937600000,0.01788,0.01917,0.01788,0.01917,523320.417012,9744.780828,9744.780828,1,REVV-USDT
2022-07-29,1659024000000,0.01914,0.01978,0.01892,0.01939,1464510.713507,28289.124467,28289.124467,1,REVV-USDT
2022-07-30,1659110400000,0.01939,0.02,0.01908,0.01994,963073.710139,18833.555324,18833.555324,1,REVV-USDT
2022-07-31,1659196800000,0.01994,0.02001,0.01957,0.01965,334745.490034,6623.258752,6623.258752,1,REVV-USDT
2022-08-01,1659283200000,0.0197,0.01971,0.01921,0.0193,250245.274873,4875.608264,4875.608264,1,REVV-USDT
2022-08-02,1659369600000,0.01929,0.0193,0.01853,0.01868,415526.692514,7850.957341,7850.957341,1,REVV-USDT
2022-08-03,1659456000000,0.01872,0.01921,0.01872,0.01919,447780.418972,8468.843484,8468.843484,1,REVV-USDT
2022-08-04,1659542400000,0.01919,0.01926,0.0189,0.01907,204492.454931,3898.710441,3898.710441,1,REVV-USDT
2022-08-05,1659628800000,0.01909,0.01982,0.01895,0.01969,661589.791542,12915.195575,12915.195575,1,REVV-USDT
2022-08-06,1659715200000,0.01958,0.02,0.01958,0.02,106719.090892,2112.640592,2112.640592,1,REVV-USDT
2022-08-07,1659801600000,0.02,0.02005,0.01978,0.02005,231255.820343,4608.371828,4608.371828,1,REVV-USDT
2022-08-08,1659888000000,0.0201,0.02114,0.02009,0.02097,159512.826232,3318.693484,3318.693484,1,REVV-USDT
2022-08-09,1659974400000,0.02103,0.02103,0.02008,0.02011,167064.802727,3427.562958,3427.562958,1,REVV-USDT
2022-08-10,1660060800000,0.02008,0.02076,0.01992,0.02076,442051.338829,8921.096467,8921.096467,1,REVV-USDT
2022-08-11,1660147200000,0.02103,0.02115,0.02034,0.0207,332895.43301,6958.542509,6958.542509,1,REVV-USDT
2022-08-12,1660233600000,0.02073,0.02076,0.02052,0.02072,131655.026057,2717.150619,2717.150619,1,REVV-USDT
2022-08-13,1660320000000,0.02074,0.02179,0.0207,0.0212,469878.864518,9982.877222,9982.877222,1,REVV-USDT
2022-08-14,1660406400000,0.02132,0.02168,0.02132,0.02138,398359.72503,8545.343456,8545.343456,1,REVV-USDT
2022-08-15,1660492800000,0.02137,0.02146,0.02091,0.02101,510287.121479,10773.945776,10773.945776,1,REVV-USDT
2022-08-16,1660579200000,0.02101,0.02101,0.02074,0.02078,161613.95066,3374.666273,3374.666273,1,REVV-USDT
2022-08-17,1660665600000,0.02076,0.02076,0.02012,0.02013,269229.718109,5525.047522,5525.047522,1,REVV-USDT
2022-08-18,1660752000000,0.02011,0.02011,0.01956,0.01992,507822.16972,10072.203353,10072.203353,1,REVV-USDT
2022-08-19,1660838400000,0.0199,0.02001,0.01809,0.01809,844721.620448,16117.689626,16117.689626,1,REVV-USDT
2022-08-20,1660924800000,0.01821,0.01821,0.01766,0.01776,183263.953065,3266.656518,3266.656518,1,REVV-USDT
2022-08-21,1661011200000,0.01774,0.01774,0.01676,0.01756,593198.357883,10348.190695,10348.190695,1,REVV-USDT
2022-08-22,1661097600000,0.01754,0.01784,0.01733,0.01741,327748.267033,5772.224573,5772.224573,1,REVV-USDT
2022-08-23,1661184000000,0.01744,0.01818,0.01744,0.0181,490501.497645,8717.828219,8717.828219,1,REVV-USDT
2022-08-24,1661270400000,0.01815,0.01827,0.01797,0.01827,216879.186603,3935.235541,3935.235541,1,REVV-USDT
2022-08-25,1661356800000,0.01809,0.01835,0.01808,0.01812,141089.872517,2577.079147,2577.079147,1,REVV-USDT
2022-08-26,1661443200000,0.01815,0.0182,0.01762,0.01767,154273.130504,2772.205816,2772.205816,1,REVV-USDT
2022-08-27,1661529600000,0.01764,0.01764,0.01632,0.0168,1456325.617933,24311.242505,24311.242505,1,REVV-USDT
2022-08-28,1661616000000,0.0168,0.02173,0.0165,0.01682,16764024.650513,308624.397623,308624.397623,1,REVV-USDT
2022-08-29,1661702400000,0.01679,0.01687,0.01602,0.01652,636433.751323,10433.187902,10433.187902,1,REVV-USDT
2022-08-30,1661788800000,0.0165,0.01713,0.0165,0.01694,314622.111298,5295.242017,5295.242017,1,REVV-USDT
2022-08-31,1661875200000,0.0169,0.01767,0.01675,0.01729,196982.512014,3405.710822,3405.710822,1,REVV-USDT
2022-09-01,1661961600000,0.01728,0.01739,0.01699,0.01701,141413.886017,2428.552077,2428.552077,1,REVV-USDT
2022-09-02,1662048000000,0.01699,0.01721,0.01692,0.01718,131940.76201,2249.677801,2249.677801,1,REVV-USDT
2022-09-03,1662134400000,0.01722,0.01722,0.01694,0.01711,62480.70502,1068.023077,1068.023077,1,REVV-USDT
2022-09-04,1662220800000,0.01712,0.01716,0.01684,0.01714,44288.954777,755.121928,755.121928,1,REVV-USDT
2022-09-05,1662307200000,0.01716,0.01759,0.01716,0.01746,209237.449862,3642.536846,3642.536846,1,REVV-USDT
2022-09-06,1662393600000,0.01744,0.01764,0.01729,0.01745,206869.141105,3621.704246,3621.704246,1,REVV-USDT
2022-09-07,1662480000000,0.01747,0.01747,0.01588,0.0167,1845439.402306,30313.439757,30313.439757,1,REVV-USDT
2022-09-08,1662566400000,0.01669,0.01699,0.01656,0.01691,797610.524114,13376.902339,13376.902339,1,REVV-USDT
2022-09-09,1662652800000,0.01687,0.01785,0.01683,0.01772,450046.772688,7886.111457,7886.111457,1,REVV-USDT
2022-09-10,1662739200000,0.01777,0.01862,0.01744,0.01828,1420636.304762,25654.139762,25654.139762,1,REVV-USDT
2022-09-11,1662825600000,0.01834,0.01873,0.01827,0.01838,100605.314835,1866.965186,1866.965186,1,REVV-USDT
2022-09-12,1662912000000,0.01839,0.01908,0.01797,0.01837,1050463.760416,19214.943554,19214.943554,1,REVV-USDT
2022-09-13,1662998400000,0.01843,0.01876,0.01761,0.01768,403183.875521,7341.298355,7341.298355,1,REVV-USDT
2022-09-14,1663084800000,0.01769,0.01779,0.01729,0.01765,259588.138136,4564.468658,4564.468658,1,REVV-USDT
2022-09-15,1663171200000,0.0177,0.01864,0.01713,0.01805,1000654.177902,18066.533273,18066.533273,1,REVV-USDT
2022-09-16,1663257600000,0.01806,0.01888,0.01743,0.01868,1073286.585062,19416.574894,19416.574894,1,REVV-USDT
2022-09-17,1663344000000,0.01869,0.01869,0.01747,0.01765,761189.375686,13658.364402,13658.364402,1,REVV-USDT
2022-09-18,1663430400000,0.01769,0.01786,0.01747,0.01757,139059.94292,2458.233623,2458.233623,1,REVV-USDT
2022-09-19,1663516800000,0.0176,0.01909,0.01635,0.01662,9401927.781947,163134.450032,163134.450032,1,REVV-USDT
2022-09-20,1663603200000,0.01665,0.01681,0.01637,0.01647,135073.429086,2244.037539,2244.037539,1,REVV-USDT
2022-09-21,1663689600000,0.01653,0.01663,0.01615,0.01641,845234.937697,13845.889679,13845.889679,1,REVV-USDT
2022-09-22,1663776000000,0.01644,0.0168,0.01582,0.01642,832126.489901,13619.610703,13619.610703,1,REVV-USDT
2022-09-23,1663862400000,0.01647,0.01719,0.01647,0.01681,258477.917416,4345.40561,4345.40561,1,REVV-USDT
2022-09-24,1663948800000,0.01659,0.01721,0.01659,0.01715,268991.262529,4558.366823,4558.366823,1,REVV-USDT
2022-09-25,1664035200000,0.01727,0.01746,0.0171,0.0173,267166.376557,4613.325627,4613.325627,1,REVV-USDT
2022-09-26,1664121600000,0.01733,0.01743,0.01682,0.01698,274375.926267,4715.9975,4715.9975,1,REVV-USDT
2022-09-27,1664208000000,0.017,0.01724,0.01686,0.01703,63648.344461,1086.568859,1086.568859,1,REVV-USDT
2022-09-28,1664294400000,0.01697,0.01708,0.0166,0.01679,72402.408844,1214.376108,1214.376108,1,REVV-USDT
2022-09-29,1664380800000,0.01679,0.0169,0.01635,0.01655,131812.393659,2193.115473,2193.115473,1,REVV-USDT
2022-09-30,1664467200000,0.01656,0.01706,0.01654,0.01688,80825.5497,1353.317198,1353.317198,1,REVV-USDT
2022-10-01,1664553600000,0.01684,0.01915,0.01659,0.017,733757.82705,12977.857272,12977.857272,1,REVV-USDT
2022-10-02,1664640000000,0.01701,0.01713,0.01668,0.01674,69425.227466,1176.447927,1176.447927,1,REVV-USDT
2022-10-03,1664726400000,0.01682,0.01693,0.01658,0.01673,80590.890804,1353.33346,1353.33346,1,REVV-USDT
2022-10-04,1664812800000,0.01674,0.0172,0.01673,0.01694,204730.388748,3483.620837,3483.620837,1,REVV-USDT
2022-10-05,1664899200000,0.01694,0.01711,0.01674,0.01686,260858.901832,4420.163697,4420.163697,1,REVV-USDT
2022-10-06,1664985600000,0.01689,0.01794,0.01689,0.01749,358627.661139,6304.280146,6304.280146,1,REVV-USDT
2022-10-07,1665072000000,0.01754,0.01758,0.01691,0.01694,264061.030251,4558.928419,4558.928419,1,REVV-USDT
2022-10-08,1665158400000,0.01694,0.01696,0.01663,0.01663,135812.43613,2272.921871,2272.921871,1,REVV-USDT
2022-10-09,1665244800000,0.01665,0.0169,0.01663,0.0169,94101.114782,1577.996672,1577.996672,1,REVV-USDT
2022-10-10,1665331200000,0.01688,0.01696,0.01627,0.01627,146847.698777,2428.514116,2428.514116,1,REVV-USDT
2022-10-11,1665417600000,0.01632,0.01643,0.01573,0.0159,223524.697994,3574.296321,3574.296321,1,REVV-USDT
2022-10-12,1665504000000,0.01583,0.01592,0.01562,0.01566,92126.045887,1451.397678,1451.397678,1,REVV-USDT
2022-10-13,1665590400000,0.01561,0.01561,0.01501,0.01511,89283.758266,1367.084409,1367.084409,1,REVV-USDT
2022-10-14,1665676800000,0.01513,0.0159,0.01513,0.01577,1204459.729934,18614.524107,18614.524107,1,REVV-USDT
2022-10-15,1665763200000,0.01578,0.01579,0.01529,0.01532,65456.656428,1011.964984,1011.964984,1,REVV-USDT
2022-10-16,1665849600000,0.0153,0.01551,0.01518,0.01547,92049.415524,1409.853502,1409.853502,1,REVV-USDT
2022-10-17,1665936000000,0.01551,0.01568,0.01546,0.01561,77035.465287,1196.783825,1196.783825,1,REVV-USDT
2022-10-18,1666022400000,0.01564,0.01589,0.01564,0.01571,173992.051943,2740.252194,2740.252194,1,REVV-USDT
2022-10-19,1666108800000,0.0157,0.01581,0.01554,0.0157,65228.271525,1017.847979,1017.847979,1,REVV-USDT
2022-10-20,1666195200000,0.01571,0.01572,0.01531,0.01535,141281.367484,2197.627388,2197.627388,1,REVV-USDT
2022-10-21,1666281600000,0.01529,0.01534,0.01492,0.01499,141230.033267,2128.881658,2128.881658,1,REVV-USDT
2022-10-22,1666368000000,0.01503,0.01538,0.01503,0.01525,61683.168852,940.068088,940.068088,1,REVV-USDT
2022-10-23,1666454400000,0.01524,0.01545,0.01497,0.01518,185794.672499,2820.311842,2820.311842,1,REVV-USDT
2022-10-24,1666540800000,0.01516,0.01553,0.01506,0.0153,249053.537409,3807.126915,3807.126915,1,REVV-USDT
2022-10-25,1666627200000,0.0153,0.01646,0.01512,0.01632,483571.442788,7658.725066,7658.725066,1,REVV-USDT
2022-10-26,1666713600000,0.0163,0.01662,0.0162,0.01661,168617.104564,2777.305527,2777.305527,1,REVV-USDT
2022-10-27,1666800000000,0.01661,0.01685,0.0165,0.01659,113402.000013,1882.087475,1882.087475,1,REVV-USDT
2022-10-28,1666886400000,0.01649,0.01667,0.01623,0.01647,154795.789852,2544.95985,2544.95985,1,REVV-USDT
2022-10-29,1666972800000,0.0165,0.01678,0.01639,0.01669,86389.998959,1435.298685,1435.298685,1,REVV-USDT
2022-10-30,1667059200000,0.01679,0.01719,0.01679,0.01702,212631.910674,3609.318315,3609.318315,1,REVV-USDT
2022-10-31,1667145600000,0.01699,0.01768,0.01691,0.01761,340017.372283,5890.231157,5890.231157,1,REVV-USDT
2022-11-01,1667232000000,0.01758,0.01786,0.01746,0.01778,53115.984561,940.901963,940.901963,1,REVV-USDT
2022-11-02,1667318400000,0.01766,0.01793,0.01751,0.01753,94558.683673,1676.81102,1676.81102,1,REVV-USDT
2022-11-03,1667404800000,0.01756,0.01782,0.01698,0.01776,267799.504756,4659.539248,4659.539248,1,REVV-USDT
2022-11-04,1667491200000,0.01776,0.01878,0.01776,0.01876,339699.455758,6221.935698,6221.935698,1,REVV-USDT
2022-11-05,1667577600000,0.01876,0.0194,0.01876,0.01937,248894.751495,4768.230063,4768.230063,1,REVV-USDT
2022-11-06,1667664000000,0.01938,0.02232,0.01926,0.02125,991862.402955,20431.7592,20431.7592,1,REVV-USDT
2022-11-07,1667750400000,0.02124,0.02133,0.01895,0.01906,751401.014568,14909.66185,14909.66185,1,REVV-USDT
2022-11-08,1667836800000,0.01899,0.01926,0.01737,0.01743,323477.713094,5875.941108,5875.941108,1,REVV-USDT
2022-11-09,1667923200000,0.01752,0.01811,0.01424,0.01424,605261.081703,9461.250583,9461.250583,1,REVV-USDT
2022-11-10,1668009600000,0.01441,0.01571,0.01314,0.01545,600898.451907,8449.505245,8449.505245,1,REVV-USDT
2022-11-11,1668096000000,0.01529,0.01607,0.01475,0.01492,634390.332831,9738.472476,9738.472476,1,REVV-USDT
2022-11-12,1668182400000,0.01476,0.0152,0.01403,0.01425,376783.286969,5480.689768,5480.689768,1,REVV-USDT
2022-11-13,1668268800000,0.0143,0.01473,0.01342,0.01416,587831.879227,8338.844212,8338.844212,1,REVV-USDT
2022-11-14,1668355200000,0.01419,0.01419,0.01274,0.01415,398720.072531,5421.225622,5421.225622,1,REVV-USDT
2022-11-15,1668441600000,0.01398,0.01457,0.01354,0.0143,388277.463575,5394.350228,5394.350228,1,REVV-USDT
2022-11-16,1668528000000,0.01429,0.01501,0.0139,0.0142,286235.632495,4119.992275,4119.992275,1,REVV-USDT
2022-11-17,1668614400000,0.01419,0.01541,0.01399,0.01479,1722184.684167,25180.715647,25180.715647,1,REVV-USDT
2022-11-18,1668700800000,0.01488,0.01532,0.01454,0.015,187926.546567,2819.489644,2819.489644,1,REVV-USDT
2022-11-19,1668787200000,0.01502,0.01515,0.01423,0.01463,409795.93538,5994.168617,5994.168617,1,REVV-USDT
2022-11-20,1668873600000,0.01447,0.01505,0.01419,0.0148,295512.107977,4316.717082,4316.717082,1,REVV-USDT
2022-11-21,1668960000000,0.01473,0.01488,0.01342,0.01371,267294.80979,3765.087037,3765.087037,1,REVV-USDT
2022-11-22,1669046400000,0.01371,0.01389,0.01299,0.01337,181114.275667,2412.439336,2412.439336,1,REVV-USDT
2022-11-23,1669132800000,0.01341,0.01416,0.0133,0.01377,273324.927498,3760.726733,3760.726733,1,REVV-USDT
2022-11-24,1669219200000,0.01377,0.0141,0.01353,0.0136,165810.777625,2285.851557,2285.851557,1,REVV-USDT
2022-11-25,1669305600000,0.01368,0.01406,0.01341,0.01341,155002.667537,2130.738129,2130.738129,1,REVV-USDT
2022-11-26,1669392000000,0.01341,0.01417,0.01341,0.01392,126134.463301,1745.140973,1745.140973,1,REVV-USDT
2022-11-27,1669478400000,0.01397,0.01399,0.0135,0.01362,201700.13898,2742.699647,2742.699647,1,REVV-USDT
2022-11-28,1669564800000,0.01372,0.01386,0.01315,0.0134,841692.426778,11361.139384,11361.139384,1,REVV-USDT
2022-11-29,1669651200000,0.01334,0.01352,0.0132,0.01334,471614.329245,6309.391513,6309.391513,1,REVV-USDT
2022-11-30,1669737600000,0.01334,0.0143,0.01317,0.0137,365184.04191,4970.025979,4970.025979,1,REVV-USDT
2022-12-01,1669824000000,0.01376,0.01404,0.01369,0.01371,317528.892244,4400.57188,4400.57188,1,REVV-USDT
2022-12-02,1669910400000,0.01372,0.014,0.01341,0.01389,354546.060772,4883.740985,4883.740985,1,REVV-USDT
2022-12-03,1669996800000,0.01389,0.01408,0.01366,0.01382,162943.768135,2258.36135,2258.36135,1,REVV-USDT
2022-12-04,1670083200000,0.01382,0.01382,0.01339,0.01358,155241.284829,2106.875494,2106.875494,1,REVV-USDT
2022-12-05,1670169600000,0.01358,0.01383,0.01349,0.0137,244297.725143,3343.223153,3343.223153,1,REVV-USDT
2022-12-06,1670256000000,0.01371,0.01416,0.01322,0.01364,818982.881367,11189.080491,11189.080491,1,REVV-USDT
2022-12-07,1670342400000,0.01362,0.01416,0.01321,0.01363,230860.839651,3152.510499,3152.510499,1,REVV-USDT
2022-12-08,1670428800000,0.01363,0.0137,0.01312,0.01329,212492.621475,2859.191534,2859.191534,1,REVV-USDT
2022-12-09,1670515200000,0.01323,0.01349,0.01306,0.01347,176686.057141,2332.700172,2332.700172,1,REVV-USDT
2022-12-10,1670601600000,0.01346,0.01359,0.0133,0.0135,156983.684483,2104.904577,2104.904577,1,REVV-USDT
2022-12-11,1670688000000,0.01349,0.01359,0.0132,0.01339,70493.5045,946.454263,946.454263,1,REVV-USDT
2022-12-12,1670774400000,0.01339,0.01345,0.01276,0.01287,353812.086982,4630.927238,4630.927238,1,REVV-USDT
2022-12-13,1670860800000,0.01288,0.0131,0.01277,0.01304,219744.3474,2846.292098,2846.292098,1,REVV-USDT
2022-12-14,1670947200000,0.01309,0.01309,0.01284,0.01287,77841.346032,1006.874388,1006.874388,1,REVV-USDT
2022-12-15,1671033600000,0.01288,0.01295,0.01276,0.01276,88842.572102,1140.547272,1140.547272,1,REVV-USDT
2022-12-16,1671120000000,0.01281,0.01283,0.01249,0.0126,236455.99598,2973.049855,2973.049855,1,REVV-USDT
2022-12-17,1671206400000,0.01256,0.01256,0.01153,0.01163,665443.328882,7971.877586,7971.877586,1,REVV-USDT
2022-12-18,1671292800000,0.01163,0.01163,0.01124,0.0115,297731.057746,3413.251524,3413.251524,1,REVV-USDT
2022-12-19,1671379200000,0.01144,0.01151,0.01124,0.01139,193460.065658,2202.957542,2202.957542,1,REVV-USDT
2022-12-20,1671465600000,0.01134,0.01161,0.01104,0.01118,199245.379473,2244.546678,2244.546678,1,REVV-USDT
2022-12-21,1671552000000,0.01119,0.01119,0.01095,0.01099,239385.043798,2648.214171,2648.214171,1,REVV-USDT
2022-12-22,1671638400000,0.01099,0.01186,0.01079,0.01171,564806.197902,6285.898434,6285.898434,1,REVV-USDT
2022-12-23,1671724800000,0.01175,0.01179,0.01084,0.01086,824033.680051,9197.05853,9197.05853,1,REVV-USDT
2022-12-24,1671811200000,0.01086,0.01105,0.01075,0.01092,199563.851046,2168.848647,2168.848647,1,REVV-USDT
2022-12-25,1671897600000,0.01095,0.01113,0.01086,0.01102,138692.593755,1523.098653,1523.098653,1,REVV-USDT
2022-12-26,1671984000000,0.011,0.01124,0.01097,0.01116,206373.338587,2293.869916,2293.869916,1,REVV-USDT
2022-12-27,1672070400000,0.01116,0.01117,0.01083,0.01087,314162.221664,3438.594175,3438.594175,1,REVV-USDT
2022-12-28,1672156800000,0.01091,0.01099,0.01086,0.01094,185095.741521,2018.386814,2018.386814,1,REVV-USDT
2022-12-29,1672243200000,0.01096,0.01102,0.01058,0.01069,426754.511121,4599.544616,4599.544616,1,REVV-USDT
2022-12-30,1672329600000,0.01066,0.01066,0.01039,0.0104,184943.800366,1946.322529,1946.322529,1,REVV-USDT
2022-12-31,1672416000000,0.01036,0.01045,0.01002,0.01024,670368.363552,6857.048666,6857.048666,1,REVV-USDT
2023-01-01,1672502400000,0.01021,0.01026,0.01017,0.01021,34878.407518,356.434881,356.434881,1,REVV-USDT
2023-01-02,1672588800000,0.0102,0.01053,0.0102,0.01052,72953.624167,757.484703,757.484703,1,REVV-USDT
2023-01-03,1672675200000,0.01056,0.01106,0.01055,0.01067,2559106.334924,27623.849442,27623.849442,1,REVV-USDT
2023-01-04,1672761600000,0.0107,0.01103,0.01058,0.01085,2889733.15899,31277.784697,31277.784697,1,REVV-USDT
2023-01-05,1672848000000,0.01084,0.01087,0.01069,0.01071,123438.50597,1329.171163,1329.171163,1,REVV-USDT
2023-01-06,1672934400000,0.01072,0.01072,0.01046,0.01046,77628.473996,820.381435,820.381435,1,REVV-USDT
2023-01-07,1673020800000,0.01053,0.01083,0.0105,0.01072,173697.538327,1845.053201,1845.053201,1,REVV-USDT
2023-01-08,1673107200000,0.01072,0.01092,0.01072,0.01085,187227.793751,2030.229242,2030.229242,1,REVV-USDT
2023-01-09,1673193600000,0.01092,0.01131,0.01085,0.01116,333755.471495,3724.258192,3724.258192,1,REVV-USDT
2023-01-10,1673280000000,0.01116,0.01148,0.01113,0.01138,541118.537874,6119.341134,6119.341134,1,REVV-USDT
2023-01-11,1673366400000,0.01134,0.01149,0.01127,0.01129,519829.866931,5912.307584,5912.307584,1,REVV-USDT
2023-01-12,1673452800000,0.01128,0.01208,0.01108,0.01185,606292.665858,7120.732759,7120.732759,1,REVV-USDT
2023-01-13,1673539200000,0.01186,0.01206,0.01101,0.01133,1364194.483558,15648.512528,15648.512528,1,REVV-USDT
2023-01-14,1673625600000,0.01131,0.0122,0.0113,0.01199,710274.038794,8379.482128,8379.482128,1,REVV-USDT
2023-01-15,1673712000000,0.01199,0.01226,0.01195,0.01217,492757.966553,5972.358304,5972.358304,1,REVV-USDT
2023-01-16,1673798400000,0.01217,0.0165,0.01205,0.01234,4103334.207622,53603.686286,53603.686286,1,REVV-USDT
2023-01-17,1673884800000,0.01234,0.01296,0.01212,0.01286,818776.14716,10128.720245,10128.720245,1,REVV-USDT
2023-01-18,1673971200000,0.01283,0.01336,0.01252,0.01267,1178823.645818,15287.674541,15287.674541,1,REVV-USDT
2023-01-19,1674057600000,0.01268,0.01328,0.01194,0.01199,1900574.831744,23913.757809,23913.757809,1,REVV-USDT
2023-01-20,1674144000000,0.01203,0.01208,0.01181,0.01203,290619.990386,3480.310888,3480.310888,1,REVV-USDT
2023-01-21,1674230400000,0.01205,0.01343,0.01203,0.01295,2403298.124708,30922.627243,30922.627243,1,REVV-USDT
2023-01-22,1674316800000,0.01295,0.01316,0.01261,0.01305,388670.594404,5039.201036,5039.201036,1,REVV-USDT
2023-01-23,1674403200000,0.01305,0.0134,0.01299,0.01337,368798.867493,4870.75027,4870.75027,1,REVV-USDT
2023-01-24,1674489600000,0.01336,0.01347,0.01321,0.01346,122998.571888,1644.117905,1644.117905,1,REVV-USDT
2023-01-25,1674576000000,0.01345,0.01347,0.01294,0.01312,287956.54993,3785.822682,3785.822682,1,REVV-USDT
2023-01-26,1674662400000,0.01319,0.01429,0.01315,0.01428,491642.653992,6828.060666,6828.060666,1,REVV-USDT
2023-01-27,1674748800000,0.01426,0.01439,0.0139,0.01397,280902.919935,3981.316071,3981.316071,1,REVV-USDT
2023-01-28,1674835200000,0.01397,0.01431,0.01396,0.01429,220230.446851,3108.630082,3108.630082,1,REVV-USDT
2023-01-29,1674921600000,0.01421,0.01438,0.01417,0.0143,127363.067258,1815.41343,1815.41343,1,REVV-USDT
2023-01-30,1675008000000,0.01427,0.01449,0.01393,0.01402,175266.303401,2486.640377,2486.640377,1,REVV-USDT
2023-01-31,1675094400000,0.014,0.014,0.01351,0.01364,143674.834474,1975.840631,1975.840631,1,REVV-USDT
2023-02-01,1675180800000,0.01363,0.01385,0.01358,0.01382,281951.635533,3864.749933,3864.749933,1,REVV-USDT
2023-02-02,1675267200000,0.0137,0.01513,0.01341,0.0143,667494.345134,9505.407189,9505.407189,1,REVV-USDT
2023-02-03,1675353600000,0.0143,0.0145,0.01401,0.0145,327313.613853,4681.863563,4681.863563,1,REVV-USDT
2023-02-04,1675440000000,0.01455,0.0146,0.01415,0.01436,223732.051083,3215.361416,3215.361416,1,REVV-USDT
2023-02-05,1675526400000,0.01438,0.01457,0.01405,0.01413,375398.771914,5391.167288,5391.167288,1,REVV-USDT
2023-02-06,1675612800000,0.01413,0.01418,0.01388,0.01418,145385.396732,2035.106598,2035.106598,1,REVV-USDT
2023-02-07,1675699200000,0.01418,0.01436,0.014,0.01436,247149.80424,3503.563083,3503.563083,1,REVV-USDT
2023-02-08,1675785600000,0.01435,0.01592,0.01434,0.01529,838858.594486,12822.03203,12822.03203,1,REVV-USDT
2023-02-09,1675872000000,0.01529,0.01543,0.01461,0.01493,827974.646209,12355.727247,12355.727247,1,REVV-USDT
2023-02-10,1675958400000,0.0149,0.01499,0.01359,0.01402,717117.230529,10059.807593,10059.807593,1,REVV-USDT
2023-02-11,1676044800000,0.01399,0.01399,0.01371,0.01387,79680.681103,1104.640917,1104.640917,1,REVV-USDT
2023-02-12,1676131200000,0.01385,0.01712,0.01361,0.01477,1039724.358498,15131.142583,15131.142583,1,REVV-USDT
2023-02-13,1676217600000,0.01476,0.0149,0.01383,0.01409,1014191.496968,14611.303278,14611.303278,1,REVV-USDT
2023-02-14,1676304000000,0.01407,0.01421,0.01373,0.01419,318958.014546,4470.198346,4470.198346,1,REVV-USDT
2023-02-15,1676390400000,0.01419,0.01485,0.01415,0.01484,326744.856931,4682.82171,4682.82171,1,REVV-USDT
2023-02-16,1676476800000,0.01487,0.01574,0.01478,0.01553,197062.432792,3028.335153,3028.335153,1,REVV-USDT
2023-02-17,1676563200000,0.01559,0.01696,0.01527,0.0156,291348.854676,4596.043575,4596.043575,1,REVV-USDT
2023-02-18,1676649600000,0.01565,0.01674,0.01517,0.01585,1508981.334283,23726.654012,23726.654012,1,REVV-USDT
2023-02-19,1676736000000,0.01586,0.01621,0.0154,0.01606,599974.085413,9438.441528,9438.441528,1,REVV-USDT
2023-02-20,1676822400000,0.01605,0.01627,0.01504,0.01604,1039013.598475,16133.896224,16133.896224,1,REVV-USDT
2023-02-21,1676908800000,0.01608,0.01849,0.01543,0.01556,651046.58438,10801.921967,10801.921967,1,REVV-USDT
2023-02-22,1676995200000,0.01553,0.0157,0.01528,0.0154,142223.477166,2205.486212,2205.486212,1,REVV-USDT
2023-02-23,1677081600000,0.01531,0.01567,0.01523,0.01558,146164.301791,2261.087786,2261.087786,1,REVV-USDT
2023-02-24,1677168000000,0.01556,0.0157,0.01516,0.01517,291428.857493,4523.590256,4523.590256,1,REVV-USDT
2023-02-25,1677254400000,0.01511,0.0152,0.01489,0.01497,334749.332126,5048.136243,5048.136243,1,REVV-USDT
2023-02-26,1677340800000,0.01499,0.0154,0.01469,0.01517,519013.838625,7771.181995,7771.181995,1,REVV-USDT
2023-02-27,1677427200000,0.01514,0.01551,0.01514,0.01548,207758.215077,3187.709383,3187.709383,1,REVV-USDT
2023-02-28,1677513600000,0.01546,0.01546,0.01521,0.01532,290485.491963,4452.741031,4452.741031,1,REVV-USDT
2023-03-01,1677600000000,0.01532,0.01532,0.01489,0.01508,64044.656004,962.172606,962.172606,1,REVV-USDT
2023-03-02,1677686400000,0.01503,0.01508,0.01473,0.01476,50792.416404,758.588578,758.588578,1,REVV-USDT
2023-03-03,1677772800000,0.01468,0.01468,0.01353,0.01356,746386.614678,10435.33570675748,10435.33570675748,1,REVV-USDT
2023-03-04,1677859200000,0.01355,0.01369,0.01332,0.01348,216658.102801,2932.50783651742,2932.50783651742,1,REVV-USDT
2023-03-05,1677945600000,0.01341,0.01366,0.01325,0.01366,44884.928879,601.7428487516,601.7428487516,1,REVV-USDT
2023-03-06,1678032000000,0.01363,0.01365,0.0132,0.01328,159873.803454,2147.79833854116,2147.79833854116,1,REVV-USDT
2023-03-07,1678118400000,0.0132,0.01331,0.01301,0.01301,116806.522842,1538.72060737111,1538.72060737111,1,REVV-USDT
2023-03-08,1678204800000,0.01302,0.01338,0.01278,0.01283,363822.998736,4796.56395954247,4796.56395954247,1,REVV-USDT
2023-03-09,1678291200000,0.0129,0.01293,0.0124,0.01265,233641.836911,2960.65454508936,2960.65454508936,1,REVV-USDT
2023-03-10,1678377600000,0.01272,0.01273,0.0117,0.01184,448129.726035,5452.47687601106,5452.47687601106,1,REVV-USDT
2023-03-11,1678464000000,0.01185,0.01221,0.01172,0.01172,344953.070029,4120.62710447622,4120.62710447622,1,REVV-USDT
2023-03-12,1678550400000,0.0117,0.01191,0.0113,0.01173,400424.479625,4642.90298841772,4642.90298841772,1,REVV-USDT
2023-03-13,1678636800000,0.01168,0.01268,0.01165,0.01267,326752.618044,3977.52118458662,3977.52118458662,1,REVV-USDT
2023-03-14,1678723200000,0.01263,0.01349,0.01257,0.01334,223989.649334,2899.64699559974,2899.64699559974,1,REVV-USDT
2023-03-15,1678809600000,0.01336,0.01349,0.01295,0.01298,199422.90005,2621.25465461842,2621.25465461842,1,REVV-USDT
2023-03-16,1678896000000,0.01297,0.0131,0.01286,0.01299,256910.719544,3325.61471995724,3325.61471995724,1,REVV-USDT
2023-03-17,1678982400000,0.01299,0.01393,0.01299,0.01357,193964.481557,2653.21952348064,2653.21952348064,1,REVV-USDT
2023-03-18,1679068800000,0.01359,0.01428,0.01339,0.01393,391040.403452,5447.69776004432,5447.69776004432,1,REVV-USDT
2023-03-19,1679155200000,0.01395,0.01407,0.01356,0.01373,144191.731147,2004.19616212651,2004.19616212651,1,REVV-USDT
